"Rk,Player,Nation,Pos,Squad,Age,Born,MP,Starts,Min,90s,Gls,Ast,G+A,G-PK,PK,PKatt,CrdY,CrdR,Gls,Ast,G+A,G-PK,G+A-PK"
"1,Nadir Zortea,it ITA,DF,Bologna,26-284,1999,25,15,""1,592"",17.7,0,2,2,0,0,0,2,0,0.00,0.11,0.11,0.00,0.11"
"2,Jan Zió?kowski,pl POL,DF,Roma,20-298,2005,13,5,464,5.2,0,0,0,0,0,0,2,0,0.00,0.00,0.00,0.00,0.00"
"3,Piotr Zieli?ski,pl POL,MF,Inter,31-314,1994,27,17,""1,626"",18.1,5,1,6,4,1,1,1,0,0.28,0.06,0.33,0.22,0.28"
"4,Edon Zhegrova,xk KVX,MF,Juventus,26-364,1999,13,0,298,3.3,0,0,0,0,0,0,0,0,0.00,0.00,0.00,0.00,0.00"
"5,Alessio Zerbin,it ITA,MF,Cremonese,27-027,1999,25,14,""1,336"",14.8,0,2,2,0,0,0,1,0,0.00,0.13,0.13,0.00,0.13"
"6,Jordan Zemura,zw ZIM,""MF,DF"",Udinese,26-136,1999,15,12,""1,017"",11.3,0,1,1,0,0,0,3,0,0.00,0.09,0.09,0.00,0.09"
"7,Nils Zätterström,se SWE,DF,Genoa,21-001,2005,1,0,1,0.0,0,0,0,0,0,0,0,0,0.00,0.00,0.00,0.00,0.00"
"8,Oier Zarraga,es ESP,MF,Udinese,27-085,1999,18,2,404,4.5,0,0,0,0,0,0,1,0,0.00,0.00,0.00,0.00,0.00"
"9,Bryan Zaragoza,es ESP,MF,Roma,24-202,2001,4,2,135,1.5,0,1,1,0,0,0,1,0,0.00,0.67,0.67,0.00,0.67"
"10,Davide Zappacosta,it ITA,MF,Atalanta,33-292,1992,27,23,2,22.2,2,3,5,2,0,0,2,0,0.09,0.14,0.23,0.09,0.23"
"11,Gabriele Zappa,it ITA,DF,Cagliari,26-098,1999,25,16,""1,37"",15.2,0,3,3,0,0,0,2,0,0.00,0.20,0.20,0.00,0.20"
"12,Duván Zapata,co COL,FW,Torino,34-363,1991,24,9,934,10.4,3,1,4,3,0,1,0,0,0.29,0.10,0.39,0.29,0.39"
"13,Alessandro Zanoli,it ITA,MF,Udinese,25-178,2000,19,16,""1,28"",14.2,1,2,3,1,0,0,1,0,0.07,0.14,0.21,0.07,0.21"
"14,Nicolň Zaniolo,it ITA,FW,Udinese,26-271,1999,26,22,""1,755"",19.5,5,5,10,5,0,0,7,0,0.26,0.26,0.51,0.26,0.51"
"15,Andre-Frank Zambo Anguissa,cm CMR,MF,Napoli,30-134,1995,14,11,""1,037"",11.5,4,1,5,4,0,0,1,0,0.35,0.09,0.43,0.35,0.43"
"16,Nicola Zalewski,pl POL,MF,Atalanta,24-066,2002,26,19,""1,458"",16.2,2,4,6,2,0,0,3,0,0.12,0.25,0.37,0.12,0.37"
"17,Mattia Zaccagni,it ITA,FW,Lazio,30-287,1995,23,23,""1,94"",21.6,3,0,3,3,0,0,6,1,0.14,0.00,0.14,0.14,0.14"
"18,Kenan Y?ld?z,tr TUR,""MF,FW"",Juventus,20-330,2005,29,28,""2,388"",26.5,10,6,16,9,1,2,2,0,0.38,0.23,0.60,0.34,0.57"
"19,Wesley,br BRA,MF,Roma,22-205,2003,26,24,""2,109"",23.4,4,0,4,4,0,0,7,1,0.17,0.00,0.17,0.17,0.17"
"20,Sebastian Walukiewicz,pl POL,DF,Sassuolo,25-359,2000,28,27,""2,336"",26.0,0,1,1,0,0,0,6,0,0.00,0.04,0.04,0.00,0.04"
"21,?sak Vural,tr TUR,MF,Pisa,19-306,2006,9,5,434,4.8,0,0,0,0,0,0,3,0,0.00,0.00,0.00,0.00,0.00"
"22,Stefan de Vrij,nl NED,DF,Inter,34-053,1992,8,5,410,4.6,0,0,0,0,0,0,1,0,0.00,0.00,0.00,0.00,0.00"
"23,Aster Vranckx,be BEL,MF,Sassuolo,23-177,2002,15,9,687,7.6,0,0,0,0,0,0,2,0,0.00,0.00,0.00,0.00,0.00"
"24,Cristian Volpato,it ITA,FW,Sassuolo,22-135,2003,16,7,735,8.2,1,4,5,1,0,0,2,0,0.12,0.49,0.61,0.12,0.61"
"25,Mërgim Vojvoda,xk KVX,""MF,DF"",Como,31-057,1995,25,18,""1,456"",16.2,2,2,4,2,0,0,2,0,0.12,0.12,0.25,0.12,0.25"
"26,Nikola Vlaši?,hr CRO,""MF,FW"",Torino,28-177,1997,29,28,""2,338"",26.0,7,3,10,3,4,4,7,0,0.27,0.12,0.38,0.12,0.23"
"27,Dušan Vlahovi?,rs SRB,FW,Juventus,26-061,2000,14,8,692,7.7,3,1,4,2,1,1,0,0,0.39,0.13,0.52,0.26,0.39"
"28,Vitinha,pt POR,""FW,MF"",Genoa,26-015,2000,28,22,""1,694"",18.8,5,1,6,5,0,0,4,0,0.27,0.05,0.32,0.27,0.32"
"29,Martin Vitík,cz CZE,DF,Bologna,23-068,2003,17,13,""1,221"",13.6,0,0,0,0,0,0,3,0,0.00,0.00,0.00,0.00,0.00"
"30,Mattia Viti,it ITA,""MF,DF"",Fiorentina,24-065,2002,10,2,265,2.9,0,0,0,0,0,0,3,1,0.00,0.00,0.00,0.00,0.00"
"31,Ioan Verme?an,ro ROU,FW,Hellas Verona,19-163,2006,1,0,9,0.1,0,0,0,0,0,0,0,0,0.00,0.00,0.00,0.00,0.00"
"32,Antonio Vergara,it ITA,MF,Napoli,23-073,2003,11,8,601,6.7,1,2,3,1,0,0,2,0,0.15,0.30,0.45,0.15,0.45"
"33,Lorenzo Venturino,it ITA,FW,Genoa,19-281,2006,2,0,40,0.4,0,0,0,0,0,0,0,0,0.00,0.00,0.00,0.00,0.00"
"34,Lorenzo Venturino,it ITA,MF,Roma,19-281,2006,7,1,154,1.7,0,0,0,0,0,0,0,0,0.00,0.00,0.00,0.00,0.00"
"35,Danilo Veiga,pt POR,DF,Lecce,23-186,2002,28,25,""2,351"",26.1,0,1,1,0,0,0,7,0,0.00,0.04,0.04,0.00,0.04"
"36,Matías Vecino,uy URU,MF,Lazio,34-218,1991,13,5,603,6.7,0,1,1,0,0,0,1,0,0.00,0.15,0.15,0.00,0.15"
"37,Franco Vázquez,ar ARG,""FW,MF"",Cremonese,37-036,1989,15,4,524,5.8,1,1,2,1,0,0,1,0,0.17,0.17,0.34,0.17,0.34"
"38,Robinio Vaz,fr FRA,FW,Roma,19-041,2007,7,0,138,1.5,1,0,1,1,0,0,0,0,0.65,0.00,0.65,0.65,0.65"
"39,Johan Vásquez,mx MEX,DF,Genoa,27-159,1998,30,30,""2,675"",29.7,0,0,0,0,0,0,2,0,0.00,0.00,0.00,0.00,0.00"
"40,Jamie Vardy,eng ENG,FW,Cremonese,39-078,1987,25,21,""1,827"",20.3,5,2,7,5,0,0,4,0,0.25,0.10,0.34,0.25,0.34"
"41,Jari Vandeputte,be BEL,MF,Cremonese,30-044,1996,25,19,""1,573"",17.5,1,4,5,1,0,0,2,0,0.06,0.23,0.29,0.06,0.29"
"42,Ignace Van Der Brempt,be BEL,""DF,MF"",Como,23-363,2002,14,9,755,8.4,0,1,1,0,0,0,2,0,0.00,0.12,0.12,0.00,0.12"
"43,Álex Valle,es ESP,DF,Como,21-339,2004,23,18,""1,653"",18.4,0,4,4,0,0,0,2,0,0.00,0.22,0.22,0.00,0.22"
"44,Emanuele Valeri,it ITA,""MF,DF"",Parma,27-113,1998,26,22,""2,031"",22.6,0,2,2,0,0,0,2,0,0.00,0.09,0.09,0.00,0.09"
"45,Nicolás Valentini,ar ARG,DF,Hellas Verona,24-358,2001,15,11,""1,019"",11.3,0,0,0,0,0,0,3,0,0.00,0.00,0.00,0.00,0.00"
"46,Lautaro Valenti,ar ARG,DF,Parma,27-075,1999,22,20,""1,832"",20.4,0,0,0,0,0,0,6,0,0.00,0.00,0.00,0.00,0.00"
"47,Stefano Turati,it ITA,GK,Sassuolo,24-206,2001,1,1,90,1.0,0,0,0,0,0,0,0,0,0.00,0.00,0.00,0.00,0.00"
"48,Kostas Tsimikas,gr GRE,MF,Roma,29-322,1996,16,6,598,6.6,0,0,0,0,0,0,1,0,0.00,0.00,0.00,0.00,0.00"
"49,Mariano Troilo,ar ARG,DF,Parma,22-281,2003,14,11,995,11.1,1,0,1,1,0,0,7,2,0.09,0.00,0.09,0.09,0.09"
"50,Yael Trepy,,FW,Cagliari,,,7,0,88,1.0,1,0,1,1,0,0,0,0,1.02,0.00,1.02,1.02,1.02"
"51,Mattéo Tramoni,fr FRA,""MF,FW"",Pisa,26-069,2000,24,18,""1,368"",15.2,2,2,4,1,1,1,3,0,0.13,0.13,0.26,0.07,0.20"
"52,Idrissa Touré,de GER,MF,Pisa,27-335,1998,25,23,""1,988"",22.1,1,0,1,1,0,0,3,1,0.05,0.00,0.05,0.05,0.05"
"53,Fikayo Tomori,eng ENG,DF,Milan,28-101,1997,27,25,""2,135"",23.7,0,2,2,0,0,0,5,0,0.00,0.08,0.08,0.00,0.08"
"54,Marcus Thuram,fr FRA,FW,Inter,28-236,1997,23,18,""1,47"",16.3,7,3,10,7,0,0,2,0,0.43,0.18,0.61,0.43,0.61"
"55,Khéphren Thuram,fr FRA,MF,Juventus,25-004,2001,28,25,""2,031"",22.6,2,2,4,2,0,0,0,0,0.09,0.09,0.18,0.09,0.18"
"56,Kristian Thorstvedt,no NOR,MF,Sassuolo,27-017,1999,24,19,""1,74"",19.3,3,3,6,3,0,0,6,0,0.16,0.16,0.31,0.16,0.31"
"57,Morten Thorsby,no NOR,MF,Genoa,29-329,1996,13,8,731,8.1,2,1,3,2,0,0,2,0,0.25,0.12,0.37,0.25,0.37"
"58,Morten Thorsby,no NOR,MF,Cremonese,29-329,1996,7,6,478,5.3,1,0,1,1,0,0,1,0,0.19,0.00,0.19,0.19,0.19"
"59,Pietro Terracciano,it ITA,GK,Milan,36-022,1990,2,1,125,1.4,0,0,0,0,0,0,0,0,0.00,0.00,0.00,0.00,0.00"
"60,Filippo Terracciano,it ITA,DF,Cremonese,23-050,2003,28,25,""2,317"",25.7,2,0,2,2,0,0,5,0,0.08,0.00,0.08,0.08,0.08"
"61,Kenneth Taylor,nl NED,MF,Lazio,23-318,2002,11,11,960,10.7,3,0,3,3,0,0,3,0,0.28,0.00,0.28,0.28,0.28"
"62,Nuno Tavares,pt POR,DF,Lazio,26-063,2000,17,12,""1,016"",11.3,0,0,0,0,0,0,3,0,0.00,0.00,0.00,0.00,0.00"
"63,Adrien Tameze,cm CMR,DF,Torino,32-054,1994,22,12,""1,111"",12.3,0,0,0,0,0,0,3,0,0.00,0.00,0.00,0.00,0.00"
"64,Mile Svilar,rs SRB,GK,Roma,26-215,1999,30,30,""2,7"",30.0,0,0,0,0,0,0,0,0,0.00,0.00,0.00,0.00,0.00"
"65,Zion Suzuki,jp JPN,GK,Parma,23-221,2002,13,13,""1,17"",13.0,0,0,0,0,0,0,1,0,0.00,0.00,0.00,0.00,0.00"
"66,Tomáš Suslov,sk SVK,""FW,MF"",Hellas Verona,23-296,2002,5,0,98,1.1,0,0,0,0,0,0,1,0,0.00,0.00,0.00,0.00,0.00"
"67,Kamaldeen Sulemana,gh GHA,MF,Atalanta,24-043,2002,22,8,893,9.9,2,1,3,2,0,0,3,0,0.20,0.10,0.30,0.20,0.30"
"68,Ibrahim Sulemana,gh GHA,MF,Cagliari,22-312,2003,9,6,620,6.9,1,0,1,1,0,0,1,0,0.15,0.00,0.15,0.15,0.15"
"69,Ibrahim Sulemana,gh GHA,MF,Bologna,22-312,2003,3,0,45,0.5,0,0,0,0,0,0,1,0,0.00,0.00,0.00,0.00,0.00"
"70,Petar Sucic,hr CRO,MF,Inter,22-156,2003,27,16,""1,295"",14.4,1,2,3,1,0,0,4,0,0.07,0.14,0.21,0.07,0.21"
"71,Nikola Štuli?,rs SRB,FW,Lecce,24-203,2001,28,18,""1,523"",16.9,3,0,3,2,1,1,1,0,0.18,0.00,0.18,0.12,0.12"
"72,Gabriel Strefezza,br BRA,FW,Parma,28-346,1997,7,6,542,6.0,0,1,1,0,0,0,1,0,0.00,0.17,0.17,0.00,0.17"
"73,Filip Stojilkovi?,ch SUI,""FW,MF"",Pisa,26-085,2000,7,3,307,3.4,0,0,0,0,0,0,0,0,0.00,0.00,0.00,0.00,0.00"
"74,Calvin Stengs,nl NED,""FW,MF"",Pisa,27-102,1998,4,0,46,0.5,0,0,0,0,0,0,0,0,0.00,0.00,0.00,0.00,0.00"
"75,Nicolae Stanciu,ro ROU,MF,Genoa,32-327,1993,4,2,180,2.0,0,0,0,0,0,1,0,0,0.00,0.00,0.00,0.00,0.00"
"76,Leonardo Spinazzola,it ITA,""MF,DF"",Napoli,33-005,1993,26,18,""1,58"",17.6,3,3,6,3,0,0,2,0,0.17,0.17,0.34,0.17,0.34"
"77,Matěas Soulé,ar ARG,""MF,FW"",Roma,22-349,2003,25,21,""1,675"",18.6,6,4,10,6,0,0,1,0,0.32,0.21,0.54,0.32,0.54"
"78,Riccardo Sottil,it ITA,""FW,MF"",Lecce,26-300,1999,21,13,""1,066"",11.8,1,2,3,1,0,0,1,0,0.08,0.17,0.25,0.08,0.25"
"79,Yann Sommer,ch SUI,GK,Inter,37-103,1988,28,28,""2,52"",28.0,0,0,0,0,0,0,0,0,0.00,0.00,0.00,0.00,0.00"
"80,Daniele Sommariva,it ITA,GK,Genoa,28-255,1997,2,1,176,2.0,0,0,0,0,0,0,0,0,0.00,0.00,0.00,0.00,0.00"
"81,Manor Solomon,il ISR,""FW,MF"",Fiorentina,26-249,1999,9,5,477,5.3,2,0,2,2,0,0,0,0,0.38,0.00,0.38,0.38,0.38"
"82,Oumar Solet,fr FRA,DF,Udinese,26-051,2000,27,26,""2,239"",24.9,3,1,4,2,1,1,1,0,0.12,0.04,0.16,0.08,0.12"
"83,Simon Sohm,ch SUI,MF,Bologna,24-353,2001,7,5,454,5.0,0,0,0,0,0,0,1,0,0.00,0.00,0.00,0.00,0.00"
"84,Simon Sohm,ch SUI,MF,Fiorentina,24-353,2001,16,9,708,7.9,0,1,1,0,0,0,2,0,0.00,0.13,0.13,0.00,0.13"
"85,Ivan Smol?i?,hr CRO,DF,Como,25-225,2000,20,14,""1,173"",13.0,0,0,0,0,0,0,7,0,0.00,0.00,0.00,0.00,0.00"
"86,Tobias Slotsager,dk DEN,DF,Hellas Verona,20-088,2006,7,4,426,4.7,0,0,0,0,0,0,0,0,0.00,0.00,0.00,0.00,0.00"
"87,?ukasz Skorupski,pl POL,GK,Bologna,34-329,1991,17,17,""1,412"",15.7,0,0,0,0,0,0,1,1,0.00,0.00,0.00,0.00,0.00"
"88,Laurs Skjellerup,dk DEN,FW,Sassuolo,23-230,2002,1,0,10,0.1,0,0,0,0,0,0,0,0,0.00,0.00,0.00,0.00,0.00"
"89,Leo Skiri Řstigĺrd,no NOR,DF,Genoa,26-122,1999,24,24,""2,082"",23.1,5,1,6,5,0,0,6,0,0.22,0.04,0.26,0.22,0.26"
"90,Giovanni Simeone,ar ARG,FW,Torino,30-268,1995,24,19,""1,578"",17.5,8,0,8,8,0,0,1,0,0.46,0.00,0.46,0.46,0.46"
"91,Marco Silvestri,it ITA,GK,Cremonese,35-028,1991,4,4,360,4.0,0,0,0,0,0,0,0,0,0.00,0.00,0.00,0.00,0.00"
"92,Jamil Siebert,de GER,DF,Lecce,23-362,2002,13,10,981,10.9,1,0,1,1,0,0,2,0,0.09,0.00,0.09,0.09,0.09"
"93,Stephan El Shaarawy,it ITA,""MF,FW"",Roma,33-154,1992,14,4,444,4.9,0,2,2,0,0,0,2,0,0.00,0.41,0.41,0.00,0.41"
"94,Suat Serdar,de GER,MF,Hellas Verona,28-353,1997,20,12,""1,108"",12.3,2,0,2,2,0,0,3,0,0.16,0.00,0.16,0.16,0.16"
"95,Adrian Šemper,hr CRO,GK,Pisa,28-077,1998,17,17,""1,53"",17.0,0,0,0,0,0,0,0,0,0.00,0.00,0.00,0.00,0.00"
"96,Simone Scuffet,it ITA,GK,Pisa,29-303,1996,7,7,630,7.0,0,0,0,0,0,0,0,0,0.00,0.00,0.00,0.00,0.00"
"97,Gianluca Scamacca,it ITA,FW,Atalanta,27-088,1999,20,14,""1,14"",12.7,8,1,9,6,2,2,2,0,0.63,0.08,0.71,0.47,0.55"
"98,Giorgio Scalvini,it ITA,DF,Atalanta,22-109,2003,16,15,""1,201"",13.3,2,0,2,2,0,0,2,0,0.15,0.00,0.15,0.15,0.15"
"99,Razvan Sava,ro ROU,GK,Udinese,23-282,2002,7,6,620,6.9,0,0,0,0,0,0,1,0,0.00,0.00,0.00,0.00,0.00"
"100,Amin Sarr,se SWE,""FW,MF"",Hellas Verona,25-019,2001,29,9,989,11.0,0,1,1,0,0,0,2,1,0.00,0.09,0.09,0.00,0.09"
"101,Jeremy Sarmiento,ec ECU,MF,Cremonese,23-287,2002,7,0,142,1.6,0,0,0,0,0,0,0,0,0.00,0.00,0.00,0.00,0.00"
"102,Alisson Santos,br BRA,MF,Napoli,23-184,2002,6,4,375,4.2,2,0,2,2,0,0,0,0,0.48,0.00,0.48,0.48,0.48"
"103,Yellu Santiago,es ESP,MF,Hellas Verona,21-309,2004,2,0,6,0.1,0,0,0,0,0,0,0,0,0.00,0.00,0.00,0.00,0.00"
"104,Antonio Sanabria,py PAR,FW,Cremonese,30-026,1996,21,8,760,8.4,1,1,2,1,0,0,2,0,0.12,0.12,0.24,0.12,0.24"
"105,Lazar Samardzic,rs SRB,MF,Atalanta,24-034,2002,23,10,940,10.4,2,1,3,2,0,0,1,0,0.19,0.10,0.29,0.19,0.29"
"106,Álex Sala,es ESP,MF,Lecce,24-355,2001,8,2,159,1.8,0,1,1,0,0,0,0,0,0.00,0.57,0.57,0.00,0.57"
"107,Alexis Saelemaekers,be BEL,MF,Milan,26-276,1999,28,27,""2,281"",25.3,2,3,5,2,0,0,4,0,0.08,0.12,0.20,0.08,0.20"
"108,Abdelhamid Sabiri,ma MAR,MF,Fiorentina,29-122,1996,1,0,27,0.3,0,0,0,0,0,0,0,0,0.00,0.00,0.00,0.00,0.00"
"109,Stefano Sabelli,it ITA,""DF,MF"",Genoa,33-076,1993,11,7,518,5.8,0,0,0,0,0,0,0,0,0.00,0.00,0.00,0.00,0.00"
"110,Daniele Rugani,it ITA,DF,Juventus,31-244,1994,6,3,250,2.8,0,0,0,0,0,0,0,0,0.00,0.00,0.00,0.00,0.00"
"111,Daniele Rugani,it ITA,DF,Fiorentina,31-244,1994,2,1,100,1.1,0,0,0,0,0,0,1,0,0.00,0.00,0.00,0.00,0.00"
"112,Amir Rrahmani,xk KVX,DF,Napoli,32-034,1994,16,16,""1,356"",15.1,1,1,2,1,0,0,2,0,0.07,0.07,0.13,0.07,0.13"
"113,Jonathan Rowe,eng ENG,""MF,FW"",Bologna,22-334,2003,20,13,""1,149"",12.8,1,1,2,1,0,0,2,0,0.08,0.08,0.16,0.08,0.16"
"114,Nicolň Rovella,it ITA,MF,Lazio,24-116,2001,8,4,343,3.8,0,1,1,0,0,0,2,0,0.00,0.26,0.26,0.00,0.26"
"115,Marten de Roon,nl NED,MF,Atalanta,35-001,1991,26,24,""2,089"",23.2,1,1,2,1,0,0,8,1,0.04,0.04,0.09,0.04,0.09"
"116,Alessandro Romano,ch SUI,MF,Roma,19-286,2006,2,0,8,0.1,0,0,0,0,0,0,0,0,0.00,0.00,0.00,0.00,0.00"
"117,Alessio Romagnoli,it ITA,DF,Lazio,31-077,1995,25,24,""2,068"",23.0,0,0,0,0,0,0,6,0,0.00,0.00,0.00,0.00,0.00"
"118,Filippo Romagna,it ITA,DF,Sassuolo,28-308,1997,4,3,256,2.8,0,0,0,0,0,0,0,0,0.00,0.00,0.00,0.00,0.00"
"119,Juan Rodríguez,uy URU,""DF,MF"",Cagliari,20-304,2005,10,10,810,9.0,0,0,0,0,0,0,3,0,0.00,0.00,0.00,0.00,0.00"
"120,Jesus Rodríguez,es ESP,MF,Como,20-129,2005,26,16,""1,543"",17.1,1,7,8,1,0,0,2,1,0.06,0.41,0.47,0.06,0.47"
"121,Sergi Roberto,es ESP,MF,Como,34-051,1992,15,4,446,5.0,0,0,0,0,0,0,3,0,0.00,0.00,0.00,0.00,0.00"
"122,Filippo Rinaldi,it ITA,GK,Parma,23-116,2002,1,1,90,1.0,0,0,0,0,0,0,1,0,0.00,0.00,0.00,0.00,0.00"
"123,Amir Richardson,ma MAR,MF,Fiorentina,24-065,2002,2,0,42,0.5,0,0,0,0,0,0,0,0,0.00,0.00,0.00,0.00,0.00"
"124,Samuele Ricci,it ITA,MF,Milan,24-221,2001,25,9,""1,064"",11.8,1,3,4,1,0,0,1,0,0.08,0.25,0.34,0.08,0.34"
"125,Devyne Rensch,nl NED,""MF,DF"",Roma,23-071,2003,17,8,761,8.5,0,1,1,0,0,0,0,0,0.00,0.12,0.12,0.00,0.12"
"126,Federico Ravaglia,it ITA,GK,Bologna,26-139,1999,14,13,""1,2"",13.3,0,0,0,0,0,0,3,0,0.00,0.00,0.00,0.00,0.00"
"127,Petar Ratkov,rs SRB,FW,Lazio,22-224,2003,7,2,221,2.5,0,0,0,0,0,0,0,0,0.00,0.00,0.00,0.00,0.00"
"128,Othniel Raterink,nl NED,DF,Cagliari,19-357,2006,1,0,7,0.1,0,0,0,0,0,0,0,0,0.00,0.00,0.00,0.00,0.00"
"129,Giacomo Raspadori,it ITA,MF,Atalanta,26-040,2000,5,2,275,3.1,1,1,2,1,0,0,0,0,0.33,0.33,0.65,0.33,0.65"
"130,Luca Ranieri,it ITA,DF,Fiorentina,26-341,1999,27,22,""1,855"",20.6,1,0,1,1,0,0,7,0,0.05,0.00,0.05,0.05,0.05"
"131,Jacobo Ramón,es ESP,DF,Como,21-083,2005,26,25,""2,247"",25.0,2,0,2,2,0,0,7,1,0.08,0.00,0.08,0.08,0.08"
"132,Ylber Ramadani,al ALB,MF,Lecce,29-352,1996,29,29,""2,514"",27.9,1,0,1,1,0,0,7,0,0.04,0.00,0.04,0.04,0.04"
"133,Adrien Rabiot,fr FRA,MF,Milan,30-361,1995,21,20,""1,83"",20.3,5,4,9,5,0,0,6,1,0.25,0.20,0.44,0.25,0.44"
"134,Christian Pulisic,us USA,FW,Milan,27-193,1998,23,15,""1,289"",14.3,8,3,11,8,0,1,0,0,0.56,0.21,0.77,0.56,0.77"
"135,Ivan Provedel,it ITA,GK,Lazio,32-013,1994,27,27,""2,43"",27.0,0,0,0,0,0,0,1,0,0.00,0.00,0.00,0.00,0.00"
"136,Matteo Prati,it ITA,MF,Torino,22-092,2003,7,4,357,4.0,0,0,0,0,0,0,1,0,0.00,0.00,0.00,0.00,0.00"
"137,Matteo Prati,it ITA,MF,Cagliari,22-092,2003,20,15,""1,268"",14.1,1,0,1,1,0,0,4,0,0.07,0.00,0.07,0.07,0.07"
"138,Stefan Posch,at AUT,DF,Como,28-320,1997,14,3,393,4.4,1,0,1,1,0,0,1,0,0.23,0.00,0.23,0.23,0.23"
"139,Marin Pongra?i?,hr CRO,DF,Fiorentina,28-200,1997,28,28,""2,469"",27.4,0,0,0,0,0,0,9,0,0.00,0.00,0.00,0.00,0.00"
"140,Matteo Politano,it ITA,""MF,FW"",Napoli,32-239,1993,27,20,""1,73"",19.2,1,5,6,1,0,0,1,0,0.05,0.26,0.31,0.05,0.31"
"141,Tommaso Pobega,it ITA,MF,Bologna,26-258,1999,20,13,""1,137"",12.6,2,1,3,2,0,0,1,1,0.16,0.08,0.24,0.16,0.24"
"142,Niccolň Pisilli,it ITA,MF,Roma,21-188,2004,17,7,782,8.7,1,2,3,1,0,0,1,0,0.12,0.23,0.35,0.12,0.35"
"143,Jakub Piotrowski,pl POL,MF,Udinese,28-177,1997,26,15,""1,359"",15.1,1,1,2,1,0,0,2,0,0.07,0.07,0.13,0.07,0.13"
"144,Andrea Pinamonti,it ITA,FW,Sassuolo,26-315,1999,28,27,""2,103"",23.4,7,3,10,7,0,1,1,1,0.30,0.13,0.43,0.30,0.43"
"145,Balthazar Pierret,fr FRA,MF,Lecce,25-319,2000,3,0,27,0.3,0,0,0,0,0,0,0,0,0.00,0.00,0.00,0.00,0.00"
"146,Santiago Pierotti,ar ARG,""MF,FW"",Lecce,24-361,2001,29,23,""1,91"",21.2,1,0,1,1,0,0,2,0,0.05,0.00,0.05,0.05,0.05"
"147,Nicholas Pierini,it ITA,""FW,MF"",Sassuolo,27-236,1998,11,0,142,1.6,0,0,0,0,0,0,1,0,0.00,0.00,0.00,0.00,0.00"
"148,Roberto Piccoli,it ITA,FW,Fiorentina,25-062,2001,26,12,""1,25"",13.9,3,1,4,3,0,0,0,0,0.22,0.07,0.29,0.22,0.29"
"149,Gabriele Piccinini,it ITA,MF,Pisa,24-358,2001,18,5,672,7.5,0,0,0,0,0,0,2,0,0.00,0.00,0.00,0.00,0.00"
"150,Giuseppe Pezzella,it ITA,MF,Cremonese,28-121,1997,23,22,""1,897"",21.1,0,1,1,0,0,0,8,1,0.00,0.05,0.05,0.00,0.05"
"151,Massimo Pessina,it ITA,GK,Bologna,18-095,2007,1,0,83,0.9,0,0,0,0,0,0,0,0,0.00,0.00,0.00,0.00,0.00"
"152,Máximo Perrone,ar ARG,MF,Como,23-082,2003,28,26,""2,143"",23.8,3,4,7,3,0,0,7,0,0.13,0.17,0.29,0.13,0.29"
"153,Mattia Perin,it ITA,GK,Juventus,33-140,1992,7,7,630,7.0,0,0,0,0,0,0,0,0,0.00,0.00,0.00,0.00,0.00"
"154,Simone Perilli,it ITA,GK,Hellas Verona,31-082,1995,3,3,270,3.0,0,0,0,0,0,0,0,0,0.00,0.00,0.00,0.00,0.00"
"155,Matías Pérez,cl CHI,DF,Lecce,20-351,2005,1,1,31,0.3,0,0,0,0,0,0,0,0,0.00,0.00,0.00,0.00,0.00"
"156,Faris Pemi Moumbagna,cm CMR,FW,Cremonese,25-272,2000,5,0,93,1.0,0,0,0,0,0,0,0,0,0.00,0.00,0.00,0.00,0.00"
"157,Mateo Pellegrino,ar ARG,FW,Parma,25-029,2001,30,28,""2,475"",27.5,8,1,9,7,1,1,4,0,0.29,0.04,0.33,0.25,0.29"
"158,Luca Pellegrini,it ITA,DF,Lazio,27-023,1999,21,14,""1,215"",13.5,0,0,0,0,0,0,6,0,0.00,0.00,0.00,0.00,0.00"
"159,Lorenzo Pellegrini,it ITA,MF,Roma,29-284,1996,22,18,""1,328"",14.8,3,2,5,1,2,2,2,0,0.20,0.14,0.34,0.07,0.20"
"160,Pedro,es ESP,""FW,MF"",Lazio,38-245,1987,22,6,692,7.7,3,1,4,1,2,2,3,0,0.39,0.13,0.52,0.13,0.26"
"161,Zé Pedro Figueiredo,pt POR,DF,Cagliari,28-297,1997,16,14,""1,198"",13.3,0,0,0,0,0,0,4,0,0.00,0.00,0.00,0.00,0.00"
"162,Marcus Pedersen,no NOR,""MF,DF"",Torino,25-257,2000,23,18,""1,696"",18.8,0,0,0,0,0,0,3,0,0.00,0.00,0.00,0.00,0.00"
"163,Nicolás Paz,ar ARG,MF,Como,21-203,2004,29,27,""2,383"",26.5,10,6,16,10,0,2,5,0,0.38,0.23,0.60,0.38,0.60"
"164,Martín Payero,ar ARG,MF,Cremonese,27-200,1998,20,15,""1,258"",14.0,1,0,1,1,0,0,7,0,0.07,0.00,0.07,0.07,0.07"
"165,Leonardo Pavoletti,it ITA,FW,Cagliari,37-124,1988,13,1,227,2.5,1,1,2,1,0,0,1,0,0.40,0.40,0.79,0.40,0.79"
"166,Strahinja Pavlovi?,rs SRB,DF,Milan,24-310,2001,26,25,""2,149"",23.9,4,1,5,4,0,0,3,0,0.17,0.04,0.21,0.17,0.21"
"167,Benjamin Pavard,fr FRA,DF,Inter,30-002,1996,1,1,90,1.0,0,0,0,0,0,0,0,0,0.00,0.00,0.00,0.00,0.00"
"168,Patric,es ESP,""MF,DF"",Lazio,32-347,1993,9,3,377,4.2,0,0,0,0,0,0,1,0,0.00,0.00,0.00,0.00,0.00"
"169,Mario Pašali?,hr CRO,MF,Atalanta,31-049,1995,25,19,""1,627"",18.1,3,3,6,3,0,0,2,0,0.17,0.17,0.33,0.17,0.33"
"170,Fabiano Parisi,it ITA,""MF,FW"",Fiorentina,25-141,2000,20,16,""1,359"",15.1,1,1,2,1,0,0,5,0,0.07,0.07,0.13,0.07,0.13"
"171,Matteo Palma,de GER,DF,Udinese,18-017,2008,5,1,120,1.3,0,0,0,0,0,0,0,0,0.00,0.00,0.00,0.00,0.00"
"172,Marco Palestra,it ITA,""MF,DF"",Cagliari,21-027,2005,29,28,""2,507"",27.9,1,4,5,1,0,0,3,0,0.04,0.14,0.18,0.04,0.18"
"173,Alberto Paleari,it ITA,GK,Torino,33-213,1992,21,21,""1,89"",21.0,0,0,0,0,0,0,1,0,0.00,0.00,0.00,0.00,0.00"
"174,Daniele Padelli,it ITA,GK,Udinese,40-156,1985,2,2,180,2.0,0,0,0,0,0,0,0,0,0.00,0.00,0.00,0.00,0.00"
"175,Daniel Oyegoke,eng ENG,""MF,DF"",Hellas Verona,23-086,2003,12,5,410,4.6,0,0,0,0,0,0,1,0,0.00,0.00,0.00,0.00,0.00"
"176,Sebastian Otoa,dk DEN,DF,Genoa,21-321,2004,8,6,584,6.5,0,0,0,0,0,0,1,0,0.00,0.00,0.00,0.00,0.00"
"177,Riccardo Orsolini,it ITA,MF,Bologna,29-065,1997,28,22,""1,685"",18.7,7,1,8,4,3,5,2,0,0.37,0.05,0.43,0.21,0.27"
"178,Gaetano Oristanio,it ITA,""FW,MF"",Parma,23-183,2002,19,8,849,9.4,1,0,1,1,0,0,1,0,0.11,0.00,0.11,0.11,0.11"
"179,Christian Ordońez,ar ARG,MF,Parma,21-249,2004,20,9,733,8.1,1,0,1,1,0,0,5,1,0.12,0.00,0.12,0.12,0.12"
"180,Gift Orban,ng NGA,FW,Hellas Verona,23-256,2002,25,21,""1,84"",20.4,7,2,9,5,2,2,4,1,0.34,0.10,0.44,0.24,0.34"
"181,Loďs Openda,be BEL,""FW,MF"",Juventus,26-042,2000,23,6,661,7.3,1,0,1,1,0,0,0,0,0.14,0.00,0.14,0.14,0.14"
"182,Jacob Ondrejka,se SWE,""FW,MF"",Parma,23-209,2002,15,9,748,8.3,0,0,0,0,0,0,2,0,0.00,0.00,0.00,0.00,0.00"
"183,Jean Onana,cm CMR,MF,Genoa,26-081,2000,2,0,19,0.2,0,0,0,0,0,0,0,0,0.00,0.00,0.00,0.00,0.00"
"184,Mathías Olivera,uy URU,""DF,MF"",Napoli,28-150,1997,19,10,971,10.8,0,0,0,0,0,0,3,0,0.00,0.00,0.00,0.00,0.00"
"185,Maduka Okoye,ng NGA,GK,Udinese,26-214,1999,22,22,""1,896"",21.1,0,0,0,0,0,0,1,1,0.00,0.00,0.00,0.00,0.00"
"186,David Okereke,ng NGA,FW,Cremonese,28-213,1997,4,1,155,1.7,1,0,1,1,0,0,0,0,0.58,0.00,0.58,0.58,0.58"
"187,David Odogu,de GER,DF,Milan,19-300,2006,2,0,6,0.1,0,0,0,0,0,0,0,0,0.00,0.00,0.00,0.00,0.00"
"188,Jens Odgaard,dk DEN,MF,Bologna,26-364,1999,22,15,""1,24"",13.8,5,1,6,5,0,0,1,0,0.36,0.07,0.44,0.36,0.44"
"189,Cas Odenthal,nl NED,DF,Sassuolo,25-185,2000,1,0,1,0.0,0,0,0,0,0,0,0,0,0.00,0.00,0.00,0.00,0.00"
"190,Rafel Obrador,es ESP,MF,Torino,22-034,2004,8,6,477,5.3,0,1,1,0,0,0,0,0,0.00,0.19,0.19,0.00,0.19"
"191,Adam Obert,sk SVK,""DF,MF"",Cagliari,23-219,2002,27,25,""2,069"",23.0,0,3,3,0,0,0,10,1,0.00,0.13,0.13,0.00,0.13"
"192,M'Bala Nzola,ao ANG,FW,Sassuolo,29-224,1996,7,1,187,2.1,0,0,0,0,0,0,1,0,0.00,0.00,0.00,0.00,0.00"
"193,M'Bala Nzola,ao ANG,FW,Pisa,29-224,1996,16,11,""1,052"",11.7,3,0,3,1,2,3,1,1,0.26,0.00,0.26,0.09,0.09"
"194,Joi Nuredini,al ALB,FW,Genoa,18-237,2007,1,0,2,0.0,0,0,0,0,0,0,0,0,0.00,0.00,0.00,0.00,0.00"
"195,Unai Núńez,es ESP,DF,Hellas Verona,29-059,1997,17,15,""1,265"",14.1,0,0,0,0,0,0,6,0,0.00,0.00,0.00,0.00,0.00"
"196,Tijjani Noslin,nl NED,FW,Lazio,26-266,1999,21,4,602,6.7,2,0,2,2,0,0,2,1,0.30,0.00,0.30,0.30,0.30"
"197,Brooke Norton-Cuffy,eng ENG,""MF,DF"",Genoa,22-077,2004,26,25,""2,181"",24.2,2,1,3,2,0,0,5,1,0.08,0.04,0.12,0.08,0.12"
"198,Christopher Nkunku,fr FRA,FW,Milan,28-136,1997,24,11,""1,017"",11.3,5,3,8,2,3,3,0,0,0.44,0.27,0.71,0.18,0.44"
"199,Niels Nkounkou,fr FRA,""MF,DF"",Torino,25-149,2000,9,3,322,3.6,0,1,1,0,0,0,2,0,0.00,0.28,0.28,0.00,0.28"
"200,Alieu Njie,se SWE,FW,Torino,20-320,2005,9,1,120,1.3,1,1,2,1,0,0,1,0,0.75,0.75,1.50,0.75,1.50"
"201,Oliver Nielsen,dk DEN,DF,Lazio,22-299,2003,18,8,976,10.8,0,0,0,0,0,0,2,0,0.00,0.00,0.00,0.00,0.00"
"202,Hans Nicolussi Caviglia,it ITA,MF,Fiorentina,25-285,2000,11,7,585,6.5,0,1,1,0,0,0,4,0,0.00,0.15,0.15,0.00,0.15"
"203,Hans Nicolussi Caviglia,it ITA,MF,Parma,25-285,2000,7,2,258,2.9,0,2,2,0,0,0,0,0,0.00,0.70,0.70,0.00,0.70"
"204,Cheikh Niasse,sn SEN,MF,Hellas Verona,26-070,2000,19,11,970,10.8,0,1,1,0,0,0,1,0,0.00,0.09,0.09,0.00,0.09"
"205,Abdoulaye Niakhate Ndiaye,sn SEN,DF,Parma,23-354,2002,7,6,496,5.5,0,0,0,0,0,0,4,1,0.00,0.00,0.00,0.00,0.00"
"206,Mikayil Ngor Faye,sn SEN,""MF,DF"",Cremonese,21-259,2004,8,2,254,2.8,0,0,0,0,0,0,1,0,0.00,0.00,0.00,0.00,0.00"
"207,Cyril Ngonge,be BEL,FW,Torino,25-308,2000,20,11,994,11.0,1,1,2,1,0,0,2,0,0.09,0.09,0.18,0.09,0.18"
"208,Oumar Ngom,mr MTN,MF,Lecce,22-021,2004,7,3,334,3.7,0,0,0,0,0,0,0,0,0.00,0.00,0.00,0.00,0.00"
"209,David Neres,br BRA,""FW,MF"",Napoli,29-027,1997,16,10,922,10.2,3,3,6,3,0,0,3,0,0.29,0.29,0.59,0.29,0.59"
"210,Victor Nelsson,dk DEN,DF,Hellas Verona,27-167,1998,30,29,""2,596"",28.8,0,0,0,0,0,0,3,0,0.00,0.00,0.00,0.00,0.00"
"211,Cher Ndour,it ITA,MF,Fiorentina,21-246,2004,25,13,""1,251"",13.9,2,0,2,2,0,0,2,0,0.14,0.00,0.14,0.14,0.14"
"212,Michel Ndary Adopo,fr FRA,MF,Cagliari,25-254,2000,30,26,""2,385"",26.5,1,1,2,1,0,0,2,0,0.04,0.04,0.08,0.04,0.08"
"213,Corrie Ndaba,ie IRL,DF,Lecce,26-095,1999,11,4,402,4.5,0,0,0,0,0,0,0,0,0.00,0.00,0.00,0.00,0.00"
"214,Konan N'dri,ci CIV,""FW,MF"",Lecce,25-154,2000,20,0,380,4.2,2,0,2,2,0,0,2,0,0.47,0.00,0.47,0.47,0.47"
"215,Obite N'Dicka,ci CIV,DF,Roma,26-222,1999,24,24,""2,104"",23.4,3,0,3,3,0,0,5,0,0.13,0.00,0.13,0.13,0.13"
"216,Cheveyo Muy,nl NED,FW,Milan,19-102,2006,2,0,5,0.1,0,0,0,0,0,0,0,0,0.00,0.00,0.00,0.00,0.00"
"217,Yunus Musah,us USA,MF,Milan,23-121,2002,1,1,90,1.0,0,0,0,0,0,0,0,0,0.00,0.00,0.00,0.00,0.00"
"218,Yunus Musah,us USA,MF,Atalanta,23-121,2002,16,3,450,5.0,1,0,1,1,0,0,1,0,0.20,0.00,0.20,0.20,0.20"
"219,Arijanet Muric,xk KVX,GK,Sassuolo,27-143,1998,29,29,""2,61"",29.0,0,0,0,0,0,0,4,0,0.00,0.00,0.00,0.00,0.00"
"220,Tarik Muharemovic,ba BIH,DF,Sassuolo,23-030,2003,26,26,""2,295"",25.5,2,2,4,2,0,0,5,0,0.08,0.08,0.16,0.08,0.16"
"221,Edoardo Motta,it ITA,GK,Lazio,21-076,2005,3,3,270,3.0,0,0,0,0,0,0,1,0,0.00,0.00,0.00,0.00,0.00"
"222,Daniel Mosquera,co COL,FW,Hellas Verona,26-161,1999,20,5,586,6.5,0,2,2,0,0,0,1,0,0.00,0.31,0.31,0.00,0.31"
"223,Nikola Moro,hr CRO,MF,Bologna,28-018,1998,23,16,""1,455"",16.2,2,0,2,2,0,0,1,0,0.12,0.00,0.12,0.12,0.12"
"224,Luca Moro,it ITA,FW,Sassuolo,25-064,2001,12,1,204,2.3,0,0,0,0,0,0,1,0,0.00,0.00,0.00,0.00,0.00"
"225,Stefano Moreo,it ITA,""FW,MF"",Pisa,32-273,1993,29,21,""1,711"",19.0,6,1,7,4,2,2,2,0,0.32,0.05,0.37,0.21,0.26"
"226,Tete Morente,es ESP,""FW,MF"",Lecce,29-116,1996,16,9,859,9.5,0,0,0,0,0,0,2,0,0.00,0.00,0.00,0.00,0.00"
"227,Alberto Moreno,es ESP,DF,Como,33-268,1992,13,10,901,10.0,1,1,2,1,0,0,1,0,0.10,0.10,0.20,0.10,0.20"
"228,Álvaro Morata,es ESP,FW,Como,33-158,1992,19,8,779,8.7,0,1,1,0,0,1,3,1,0.00,0.12,0.12,0.00,0.12"
"229,Lorenzo Montipň,it ITA,GK,Hellas Verona,30-038,1996,27,27,""2,43"",27.0,0,0,0,0,0,0,0,0,0.00,0.00,0.00,0.00,0.00"
"230,Luka Modri?,hr CRO,MF,Milan,40-202,1985,29,28,""2,452"",27.2,2,3,5,2,0,0,4,0,0.07,0.11,0.18,0.07,0.18"
"231,Rui Modesto,ao ANG,MF,Udinese,26-174,1999,3,0,119,1.3,0,1,1,0,0,0,0,0,0.00,0.76,0.76,0.00,0.76"
"232,Branimir Mlacic,hr CRO,DF,Udinese,19-018,2007,3,1,78,0.9,0,0,0,0,0,0,2,0,0.00,0.00,0.00,0.00,0.00"
"233,Henrikh Mkhitaryan,am ARM,MF,Inter,37-068,1989,22,13,""1,205"",13.4,2,1,3,2,0,0,3,0,0.15,0.07,0.22,0.15,0.22"
"234,Fabio Miretti,it ITA,MF,Juventus,22-239,2003,18,5,553,6.1,1,2,3,1,0,0,1,0,0.16,0.33,0.49,0.16,0.49"
"235,Juan Miranda,es ESP,DF,Bologna,26-070,2000,24,21,""1,898"",21.1,1,0,1,1,0,0,6,0,0.05,0.00,0.05,0.05,0.05"
"236,Yerry Mina,co COL,DF,Cagliari,31-188,1994,19,19,""1,52"",16.9,1,0,1,1,0,0,5,1,0.06,0.00,0.06,0.06,0.06"
"237,Lennon Miller,sct SCO,MF,Udinese,19-217,2006,17,6,667,7.4,0,1,1,0,0,0,3,0,0.00,0.13,0.13,0.00,0.13"
"238,Vanja Milinkovi?-Savi?,rs SRB,GK,Napoli,29-038,1997,21,21,""1,89"",21.0,0,0,0,0,0,0,0,0,0.00,0.00,0.00,0.00,0.00"
"239,Arkadiusz Milik,pl POL,FW,Juventus,32-030,1994,1,0,12,0.1,0,0,0,0,0,0,0,0,0.00,0.00,0.00,0.00,0.00"
"240,Junior Messias,br BRA,MF,Genoa,34-321,1991,15,4,536,6.0,3,0,3,2,1,1,0,0,0.50,0.00,0.50,0.34,0.34"
"241,Alex Meret,it ITA,GK,Napoli,29-008,1997,9,9,810,9.0,0,1,1,0,0,0,1,0,0.00,0.11,0.11,0.00,0.11"
"242,Paul Mendy,sn SEN,FW,Cagliari,19-088,2007,1,0,18,0.2,0,0,0,0,0,0,0,0,0.00,0.00,0.00,0.00,0.00"
"243,Henrik Meister,dk DEN,FW,Pisa,22-133,2003,22,14,""1,32"",14.7,2,0,2,2,0,0,1,0,0.14,0.00,0.14,0.14,0.14"
"244,Scott McTominay,sct SCO,MF,Napoli,29-112,1996,25,23,""2,071"",23.0,7,3,10,7,0,0,1,0,0.30,0.13,0.43,0.30,0.43"
"245,Weston McKennie,us USA,MF,Juventus,27-214,1998,29,25,""2,21"",24.6,4,4,8,4,0,0,4,0,0.16,0.16,0.33,0.16,0.33"
"246,Pasquale Mazzocchi,it ITA,MF,Napoli,30-246,1995,11,2,235,2.6,0,0,0,0,0,0,0,1,0.00,0.00,0.00,0.00,0.00"
"247,Luca Mazzitelli,it ITA,MF,Cagliari,30-135,1995,17,8,737,8.2,2,2,4,2,0,0,3,0,0.24,0.24,0.49,0.24,0.49"
"248,Nemanja Mati?,rs SRB,MF,Sassuolo,37-241,1988,26,25,""2,183"",24.3,1,1,2,1,0,0,6,1,0.04,0.04,0.08,0.04,0.08"
"249,Patrizio Masini,it ITA,MF,Genoa,25-062,2001,22,11,""1,166"",13.0,0,1,1,0,0,0,5,0,0.00,0.08,0.08,0.00,0.08"
"250,Adam Masina,ma MAR,DF,Torino,32-087,1994,5,2,235,2.6,0,1,1,0,0,0,0,0,0.00,0.38,0.38,0.00,0.38"
"251,Adam Maruši?,me MNE,DF,Lazio,33-164,1992,28,27,""2,388"",26.5,1,2,3,1,0,0,1,1,0.04,0.08,0.11,0.04,0.11"
"252,Lautaro Martínez,ar ARG,FW,Inter,28-220,1997,25,23,""1,888"",21.0,14,4,18,14,0,0,3,0,0.67,0.19,0.86,0.67,0.86"
"253,Josep Martinez,es ESP,GK,Inter,27-307,1998,2,2,180,2.0,0,0,0,0,0,0,0,0,0.00,0.00,0.00,0.00,0.00"
"254,Aarón Martín,es ESP,""MF,DF"",Genoa,28-342,1997,26,22,""1,805"",20.1,1,5,6,1,0,0,2,0,0.05,0.25,0.30,0.05,0.30"
"255,Guillermo Maripán,cl CHI,DF,Torino,31-328,1994,24,23,""2,026"",22.5,2,0,2,2,0,0,3,0,0.09,0.00,0.09,0.09,0.09"
"256,Joăo Mário Lopes,pt POR,DF,Bologna,26-086,2000,5,5,371,4.1,0,0,0,0,0,0,0,0,0.00,0.00,0.00,0.00,0.00"
"257,Joăo Mário Lopes,pt POR,MF,Juventus,26-086,2000,10,2,258,2.9,0,0,0,0,0,0,1,0,0.00,0.00,0.00,0.00,0.00"
"258,Marius Marin,ro ROU,MF,Pisa,27-212,1998,23,18,""1,281"",14.2,0,0,0,0,0,0,7,0,0.00,0.00,0.00,0.00,0.00"
"259,Luca Marianucci,it ITA,DF,Torino,21-250,2004,4,3,265,2.9,0,0,0,0,0,0,1,0,0.00,0.00,0.00,0.00,0.00"
"260,Luca Marianucci,it ITA,DF,Napoli,21-250,2004,2,1,119,1.3,0,1,1,0,0,0,0,0,0.00,0.76,0.76,0.00,0.76"
"261,Pablo Marí,es ESP,DF,Fiorentina,32-211,1993,11,9,808,9.0,0,0,0,0,0,0,3,0,0.00,0.00,0.00,0.00,0.00"
"262,Alessandro Marcandalli,it ITA,DF,Genoa,23-156,2002,24,21,""1,894"",21.0,0,2,2,0,0,0,4,0,0.00,0.10,0.10,0.00,0.10"
"263,Rolando Mandragora,it ITA,MF,Fiorentina,28-274,1997,28,25,""1,987"",22.1,6,2,8,5,1,1,6,0,0.27,0.09,0.36,0.23,0.32"
"264,Gianluca Mancini,it ITA,DF,Roma,29-347,1996,29,29,""2,532"",28.1,0,2,2,0,0,0,9,0,0.00,0.07,0.07,0.00,0.07"
"265,Ruslan Malinovskyi,ua UKR,MF,Genoa,32-330,1993,28,25,""1,964"",21.8,5,3,8,2,3,3,9,0,0.23,0.14,0.37,0.09,0.23"
"266,Donyell Malen,nl NED,FW,Roma,27-080,1999,10,10,797,8.9,7,0,7,5,2,2,1,0,0.79,0.00,0.79,0.56,0.56"
"267,Youssef Maleh,ma MAR,MF,Cremonese,27-220,1998,8,8,690,7.7,1,0,1,1,0,0,1,0,0.13,0.00,0.13,0.13,0.13"
"268,Youssef Maleh,ma MAR,MF,Lecce,27-220,1998,9,5,460,5.1,0,0,0,0,0,0,2,0,0.00,0.00,0.00,0.00,0.00"
"269,Daniel Maldini,it ITA,FW,Lazio,24-170,2001,7,7,514,5.7,1,1,2,1,0,0,0,0,0.18,0.18,0.35,0.18,0.35"
"270,Daniel Maldini,it ITA,MF,Atalanta,24-170,2001,9,3,264,2.9,0,0,0,0,0,0,1,0,0.00,0.00,0.00,0.00,0.00"
"271,Mike Maignan,fr FRA,GK,Milan,30-270,1995,29,29,""2,575"",28.6,0,0,0,0,0,0,3,0,0.00,0.00,0.00,0.00,0.00"
"272,Babis Lykogiannis,gr GRE,DF,Bologna,32-159,1993,10,7,627,7.0,0,1,1,0,0,0,3,0,0.00,0.14,0.14,0.00,0.14"
"273,Zito Luvumbo,ao ANG,""MF,FW"",Cagliari,24-021,2002,12,2,329,3.7,0,0,0,0,0,0,0,0,0.00,0.00,0.00,0.00,0.00"
"274,Mateus Lusuardi,br BRA,DF,Pisa,22-081,2004,3,3,198,2.2,0,0,0,0,0,0,1,0,0.00,0.00,0.00,0.00,0.00"
"275,Sebastiano Luperto,it ITA,DF,Cremonese,29-205,1996,7,7,630,7.0,0,1,1,0,0,0,1,0,0.00,0.14,0.14,0.00,0.14"
"276,Sebastiano Luperto,it ITA,DF,Cagliari,29-205,1996,19,19,""1,706"",19.0,1,0,1,1,0,0,3,0,0.05,0.00,0.05,0.05,0.05"
"277,Romelu Lukaku,be BEL,FW,Napoli,32-321,1993,5,0,44,0.5,1,0,1,1,0,0,1,0,2.05,0.00,2.05,2.05,2.05"
"278,Jhon Lucumí,co COL,DF,Bologna,27-277,1998,22,19,""1,657"",18.4,1,0,1,1,0,0,4,0,0.05,0.00,0.05,0.05,0.05"
"279,Lorenzo Lucca,it ITA,FW,Napoli,25-201,2000,16,4,408,4.5,1,0,1,1,0,0,1,0,0.22,0.00,0.22,0.22,0.22"
"280,Felipe Loyola,cl CHI,MF,Pisa,25-141,2000,6,4,347,3.9,1,0,1,1,0,0,0,0,0.26,0.00,0.26,0.26,0.26"
"281,Sandi Lovri?,si SVN,MF,Udinese,28-002,1998,6,1,161,1.8,0,1,1,0,0,0,1,0,0.00,0.56,0.56,0.00,0.56"
"282,Sandi Lovri?,si SVN,MF,Hellas Verona,28-002,1998,1,1,84,0.9,0,0,0,0,0,0,0,0,0.00,0.00,0.00,0.00,0.00"
"283,Mathias Lřvik,no NOR,MF,Parma,22-114,2003,9,5,471,5.2,0,0,0,0,0,0,0,0,0.00,0.00,0.00,0.00,0.00"
"284,Lorran,br BRA,FW,Pisa,19-269,2006,8,0,111,1.2,1,0,1,1,0,0,0,0,0.81,0.00,0.81,0.81,0.81"
"285,Dachi Lordkipanidze,ge GEO,MF,Cremonese,21-022,2005,1,0,29,0.3,0,0,0,0,0,0,0,0,0.00,0.00,0.00,0.00,0.00"
"286,Ademola Lookman,ng NGA,""FW,MF"",Atalanta,28-161,1997,12,9,795,8.8,2,0,2,2,0,0,0,0,0.23,0.00,0.23,0.23,0.23"
"287,Ruben Loftus-Cheek,eng ENG,""MF,FW"",Milan,30-066,1996,23,11,""1,027"",11.4,3,1,4,3,0,0,1,0,0.26,0.09,0.35,0.26,0.35"
"288,Manuel Locatelli,it ITA,MF,Juventus,28-081,1998,28,28,""2,274"",25.3,1,2,3,1,0,1,5,0,0.04,0.08,0.12,0.04,0.12"
"289,Stanislav Lobotka,sk SVK,MF,Napoli,31-125,1994,24,21,""1,845"",20.5,1,1,2,1,0,0,2,0,0.05,0.05,0.10,0.05,0.10"
"290,Joseph Liteta,zm ZAM,MF,Cagliari,20-036,2006,4,4,264,2.9,0,0,0,0,0,0,0,0,0.00,0.00,0.00,0.00,0.00"
"291,Pol Lirola,es ESP,MF,Hellas Verona,28-229,1997,4,3,231,2.6,0,0,0,0,0,0,1,0,0.00,0.00,0.00,0.00,0.00"
"292,Luca Lipani,it ITA,MF,Sassuolo,20-316,2005,16,8,744,8.3,0,0,0,0,0,0,2,0,0.00,0.00,0.00,0.00,0.00"
"293,Mehdi Léris,dz ALG,MF,Pisa,27-311,1998,27,14,""1,396"",15.5,1,3,4,1,0,0,2,0,0.06,0.19,0.26,0.06,0.26"
"294,Rafael Leăo,pt POR,FW,Milan,26-293,1999,22,18,""1,487"",16.5,9,2,11,7,2,2,3,0,0.54,0.12,0.67,0.42,0.54"
"295,Nicola Leali,it ITA,GK,Genoa,33-041,1993,20,20,""1,712"",19.0,0,0,0,0,0,0,2,1,0.00,0.00,0.00,0.00,0.00"
"296,Andréa Le Borgne,fr FRA,MF,Como,19-246,2006,1,0,1,0.0,0,0,0,0,0,0,0,0,0.00,0.00,0.00,0.00,0.00"
"297,Manuel Lazzari,it ITA,DF,Lazio,32-121,1993,16,6,608,6.8,0,0,0,0,0,0,2,0,0.00,0.00,0.00,0.00,0.00"
"298,Valentino Lazaro,at AUT,MF,Torino,30-006,1996,27,23,""2,043"",22.7,0,2,2,0,0,0,4,0,0.00,0.09,0.09,0.00,0.09"
"299,Matteo Lavelli,it ITA,FW,Inter,19-112,2006,1,0,8,0.1,0,0,0,0,0,0,0,0,0.00,0.00,0.00,0.00,0.00"
"300,Armand Lauriente,fr FRA,FW,Sassuolo,27-116,1998,30,25,""1,932"",21.5,5,7,12,5,0,0,3,0,0.23,0.33,0.56,0.23,0.56"
"301,Noa Lang,nl NED,""FW,MF"",Napoli,26-286,1999,18,7,666,7.4,1,2,3,1,0,0,2,0,0.14,0.27,0.41,0.14,0.41"
"302,Tariq Lamptey,gh GHA,MF,Fiorentina,25-181,2000,2,1,25,0.3,0,0,0,0,0,0,0,0,0.00,0.00,0.00,0.00,0.00"
"303,Sandro Kulenovi?,hr CRO,FW,Torino,26-116,1999,7,2,177,2.0,0,1,1,0,0,0,2,0,0.00,0.51,0.51,0.00,0.51"
"304,Nicolas-Gerrit Kühn,de GER,MF,Como,26-088,2000,21,6,645,7.2,1,1,2,1,0,0,0,0,0.14,0.14,0.28,0.14,0.28"
"305,Nikola Krstovi?,me MNE,FW,Atalanta,25-359,2000,26,12,""1,246"",13.8,8,4,12,8,0,0,2,0,0.58,0.29,0.87,0.58,0.87"
"306,Thomas Kristensen,dk DEN,DF,Udinese,24-072,2002,20,20,""1,794"",19.9,2,0,2,2,0,0,2,0,0.10,0.00,0.10,0.10,0.10"
"307,Christ-Owen Kouassi,fr FRA,DF,Lecce,22-349,2003,4,3,228,2.5,0,0,0,0,0,0,0,0,0.00,0.00,0.00,0.00,0.00"
"308,Christian Kouamé,ci CIV,""FW,MF"",Fiorentina,28-114,1997,2,0,27,0.3,0,0,0,0,0,0,0,0,0.00,0.00,0.00,0.00,0.00"
"309,Eddy Kouadio,ci CIV,DF,Fiorentina,19-304,2006,3,0,72,0.8,0,0,0,0,0,0,0,0,0.00,0.00,0.00,0.00,0.00"
"310,Filip Kosti?,rs SRB,MF,Juventus,33-149,1992,17,4,467,5.2,3,1,4,3,0,0,0,0,0.58,0.19,0.77,0.58,0.77"
"311,Odilon Kossounou,ci CIV,DF,Atalanta,25-085,2001,15,10,888,9.9,1,0,1,1,0,0,1,0,0.10,0.00,0.10,0.10,0.10"
"312,Teun Koopmeiners,nl NED,""DF,MF"",Juventus,28-030,1998,27,16,""1,62"",18.0,0,0,0,0,0,0,5,0,0.00,0.00,0.00,0.00,0.00"
"313,Manu Koné,fr FRA,MF,Roma,24-317,2001,26,26,""2,3"",25.6,2,2,4,2,0,0,2,0,0.08,0.08,0.16,0.08,0.16"
"314,Ismaël Koné,ca CAN,MF,Sassuolo,23-297,2002,27,26,""2,167"",24.1,5,0,5,5,0,0,4,1,0.21,0.00,0.21,0.21,0.21"
"315,Sead Kolašinac,ba BIH,DF,Atalanta,32-283,1993,13,10,841,9.3,0,0,0,0,0,0,3,0,0.00,0.00,0.00,0.00,0.00"
"316,Semih K?l?çsoy,tr TUR,FW,Cagliari,20-227,2005,21,11,967,10.7,4,0,4,4,0,0,1,0,0.37,0.00,0.37,0.37,0.37"
"317,Kialonda,ao ANG,DF,Lecce,28-184,1997,22,21,""1,828"",20.3,0,0,0,0,0,0,6,1,0.00,0.00,0.00,0.00,0.00"
"318,Marc-Oliver Kempf,de GER,DF,Como,31-061,1995,27,21,""1,761"",19.6,4,0,4,4,0,0,2,0,0.20,0.00,0.20,0.20,0.20"
"319,Lloyd Kelly,eng ENG,DF,Juventus,27-175,1998,27,25,""2,297"",25.5,1,0,1,1,0,0,4,0,0.04,0.00,0.04,0.04,0.04"
"320,Mandela Keita,be BEL,MF,Parma,23-324,2002,29,28,""2,328"",25.9,0,1,1,0,0,0,1,0,0.00,0.04,0.04,0.00,0.04"
"321,Moise Kean,it ITA,FW,Fiorentina,26-030,2000,25,22,""1,961"",21.8,8,1,9,6,2,2,4,0,0.37,0.05,0.41,0.28,0.32"
"322,Grigoris Kastanos,cy CYP,MF,Hellas Verona,28-059,1998,6,0,44,0.5,0,0,0,0,0,0,0,0,0.00,0.00,0.00,0.00,0.00"
"323,Jesper Karlström,se SWE,MF,Udinese,30-282,1995,30,30,""2,638"",29.3,1,0,1,1,0,0,4,0,0.03,0.00,0.03,0.03,0.03"
"324,Hassane Kamara,ci CIV,""MF,DF"",Udinese,32-025,1994,19,15,""1,301"",14.5,0,1,1,0,0,0,4,0,0.00,0.07,0.07,0.00,0.07"
"325,Pierre Kalulu,fr FRA,""DF,MF"",Juventus,25-298,2000,29,29,""2,561"",28.5,2,3,5,2,0,0,3,1,0.07,0.11,0.18,0.07,0.18"
"326,Christian Kabasele,be BEL,DF,Udinese,35-034,1991,23,21,""1,717"",19.1,3,0,3,3,0,0,4,0,0.16,0.00,0.16,0.16,0.16"
"327,Mohamed Kaba,gn GUI,MF,Lecce,24-154,2001,15,5,633,7.0,0,0,0,0,0,0,1,0,0.00,0.00,0.00,0.00,0.00"
"328,Dennis Johnsen,no NOR,""MF,FW"",Cremonese,28-041,1998,11,5,390,4.3,1,1,2,1,0,0,0,0,0.23,0.23,0.46,0.23,0.46"
"329,Ţórir Jóhann Helgason,is ISL,MF,Lecce,25-183,2000,7,1,126,1.4,0,0,0,0,0,0,0,0,0.00,0.00,0.00,0.00,0.00"
"330,Álex Jiménez,es ESP,DF,Milan,20-326,2005,1,0,45,0.5,0,0,0,0,0,0,1,0,0.00,0.00,0.00,0.00,0.00"
"331,Juan Jesus,br BRA,DF,Napoli,34-293,1991,21,17,""1,501"",16.7,0,0,0,0,0,0,10,1,0.00,0.00,0.00,0.00,0.00"
"332,Oliver Jensen,dk DEN,MF,Parma,24-020,2002,28,19,""1,738"",19.3,1,0,1,1,0,0,2,0,0.05,0.00,0.05,0.05,0.05"
"333,Gaby Jean,fr FRA,DF,Lecce,26-039,2000,2,0,19,0.2,0,0,0,0,0,0,0,0,0.00,0.00,0.00,0.00,0.00"
"334,Ardon Jashari,ch SUI,MF,Milan,23-243,2002,9,4,461,5.1,0,1,1,0,0,0,0,0,0.00,0.20,0.20,0.00,0.20"
"335,Franco Israel,uy URU,GK,Torino,25-342,2000,9,9,810,9.0,0,0,0,0,0,0,1,0,0.00,0.00,0.00,0.00,0.00"
"336,Ardian Ismajli,al ALB,DF,Torino,29-181,1996,21,17,""1,546"",17.2,0,1,1,0,0,0,4,0,0.00,0.06,0.06,0.00,0.06"
"337,Gustav Isaksen,dk DEN,FW,Lazio,24-345,2001,24,16,""1,351"",15.0,4,1,5,4,0,0,0,0,0.27,0.07,0.33,0.27,0.33"
"338,Isaac,br BRA,FW,Hellas Verona,22-004,2004,1,0,20,0.2,0,0,0,0,0,0,0,0,0.00,0.00,0.00,0.00,0.00"
"339,Ciro Immobile,it ITA,FW,Bologna,36-038,1990,6,2,193,2.1,0,0,0,0,0,0,1,0,0.00,0.00,0.00,0.00,0.00"
"340,Emirhan ?lkhan,tr TUR,MF,Torino,21-302,2004,14,9,685,7.6,1,1,2,1,0,0,2,1,0.13,0.13,0.26,0.13,0.26"
"341,Samuel Iling-Junior,eng ENG,MF,Pisa,22-177,2003,5,1,110,1.2,0,0,0,0,0,0,0,0,0.00,0.00,0.00,0.00,0.00"
"342,Ivan Ili?,rs SRB,MF,Torino,25-013,2001,8,5,416,4.6,0,0,0,0,0,0,2,0,0.00,0.00,0.00,0.00,0.00"
"343,Jay Idzes,id IDN,DF,Sassuolo,25-301,2000,29,29,""2,609"",29.0,0,0,0,0,0,0,2,0,0.00,0.00,0.00,0.00,0.00"
"344,Riyad Idrissi,it ITA,""MF,DF"",Cagliari,20-290,2005,23,4,783,8.7,2,0,2,2,0,0,3,0,0.23,0.00,0.23,0.23,0.23"
"345,Edoardo Iannoni,it ITA,MF,Sassuolo,24-353,2001,14,1,250,2.8,1,0,1,1,0,0,3,0,0.36,0.00,0.36,0.36,0.36"
"346,Elseid Hysaj,al ALB,DF,Lazio,32-038,1994,4,1,165,1.8,0,0,0,0,0,0,0,0,0.00,0.00,0.00,0.00,0.00"
"347,Emil Holm,se SWE,DF,Bologna,25-321,2000,11,8,655,7.3,1,4,5,1,0,0,3,1,0.14,0.55,0.69,0.14,0.69"
"348,Emil Holm,se SWE,""DF,MF"",Juventus,25-321,2000,1,0,45,0.5,0,0,0,0,0,0,0,0,0.00,0.00,0.00,0.00,0.00"
"349,Rasmus Hřjlund,dk DEN,FW,Napoli,23-054,2003,26,25,""2,175"",24.2,10,2,12,9,1,1,1,0,0.41,0.08,0.50,0.37,0.46"
"350,Malthe Hojholt,dk DEN,MF,Pisa,24-348,2001,12,6,561,6.2,0,0,0,0,0,0,1,0,0.00,0.00,0.00,0.00,0.00"
"351,Isak Hien,se SWE,DF,Atalanta,27-076,1999,25,18,""1,756"",19.5,1,0,1,1,0,0,4,0,0.05,0.00,0.05,0.05,0.05"
"352,Hernani,br BRA,MF,Parma,32-003,1994,4,0,73,0.8,0,0,0,0,0,0,0,0,0.00,0.00,0.00,0.00,0.00"
"353,Mario Hermoso,es ESP,DF,Roma,30-285,1995,19,17,""1,451"",16.1,1,1,2,1,0,0,6,0,0.06,0.06,0.12,0.06,0.12"
"354,Luis Henrique,br BRA,MF,Inter,24-106,2001,25,17,""1,419"",15.8,1,2,3,1,0,0,1,0,0.06,0.13,0.19,0.06,0.19"
"355,Torbjřrn Heggem,no NOR,DF,Bologna,27-077,1999,22,21,""1,891"",21.0,0,0,0,0,0,0,0,1,0.00,0.00,0.00,0.00,0.00"
"356,Abdou Harroui,nl NED,MF,Hellas Verona,28-076,1998,19,9,723,8.0,1,0,1,0,1,1,2,0,0.12,0.00,0.12,0.00,0.00"
"357,Jack Harrison,eng ENG,""MF,FW"",Fiorentina,29-130,1996,8,4,463,5.1,0,1,1,0,0,0,0,0,0.00,0.19,0.19,0.00,0.19"
"358,Miguel Gutiérrez,es ESP,""MF,DF"",Napoli,24-246,2001,20,10,990,11.0,1,1,2,1,0,0,0,0,0.09,0.09,0.18,0.09,0.18"
"359,Idrissa Gučye,sn SEN,FW,Udinese,19-195,2006,11,0,185,2.1,0,0,0,0,0,0,2,0,0.00,0.00,0.00,0.00,0.00"
"360,Mattéo Guendouzi,fr FRA,MF,Lazio,26-350,1999,16,16,""1,428"",15.9,2,1,3,2,0,0,5,1,0.13,0.06,0.19,0.13,0.19"
"361,Albert Guđmundsson,is ISL,""FW,MF"",Fiorentina,28-288,1997,26,22,""1,865"",20.7,5,4,9,2,3,3,3,0,0.24,0.19,0.43,0.10,0.29"
"362,Albert Grřnbaek,dk DEN,MF,Genoa,24-311,2001,4,1,103,1.1,0,0,0,0,0,0,1,0,0.00,0.00,0.00,0.00,0.00"
"363,Alberto Grassi,it ITA,MF,Cremonese,31-023,1995,22,11,""1,191"",13.2,0,0,0,0,0,0,3,0,0.00,0.00,0.00,0.00,0.00"
"364,Robin Gosens,de GER,""DF,MF"",Fiorentina,31-268,1994,19,17,""1,389"",15.4,2,1,3,2,0,0,2,0,0.13,0.06,0.19,0.13,0.19"
"365,Olaf Gorter,nl NED,MF,Lecce,21-058,2005,2,0,28,0.3,0,0,0,0,0,0,0,0,0.00,0.00,0.00,0.00,0.00"
"366,Nicolás González,ar ARG,""FW,MF"",Juventus,27-358,1998,2,0,19,0.2,0,0,0,0,0,0,0,0,0.00,0.00,0.00,0.00,0.00"
"367,Edoardo Goldaniga,it ITA,DF,Como,32-148,1993,2,0,15,0.2,0,0,0,0,0,0,0,0,0.00,0.00,0.00,0.00,0.00"
"368,Saba Goglichidze,ge GEO,DF,Udinese,21-278,2004,8,4,424,4.7,0,0,0,0,0,0,2,0,0.00,0.00,0.00,0.00,0.00"
"369,Giovane,br BRA,""FW,MF"",Hellas Verona,22-126,2003,21,19,""1,533"",17.0,3,4,7,3,0,0,2,0,0.18,0.23,0.41,0.18,0.41"
"370,Giovane,br BRA,FW,Napoli,22-126,2003,7,0,111,1.2,0,1,1,0,0,0,0,0,0.00,0.81,0.81,0.00,0.81"
"371,Gvidas Gineitis,lt LTU,MF,Torino,21-349,2004,22,16,""1,219"",13.5,0,1,1,0,0,0,4,0,0.00,0.07,0.07,0.00,0.07"
"372,Santiago Giménez,mx MEX,FW,Milan,24-346,2001,10,8,635,7.1,0,0,0,0,0,0,2,0,0.00,0.00,0.00,0.00,0.00"
"373,Billy Gilmour,sct SCO,MF,Napoli,24-292,2001,14,8,699,7.8,1,0,1,1,0,0,1,0,0.13,0.00,0.13,0.13,0.13"
"374,Mario Gila,es ESP,DF,Lazio,25-213,2000,27,27,""2,222"",24.7,0,0,0,0,0,0,3,1,0.00,0.00,0.00,0.00,0.00"
"375,Andrea Ghion,it ITA,MF,Sassuolo,26-035,2000,1,0,10,0.1,0,0,0,0,0,0,0,0,0.00,0.00,0.00,0.00,0.00"
"376,Daniele Ghilardi,it ITA,DF,Roma,23-083,2003,16,7,799,8.9,0,0,0,0,0,0,1,0,0.00,0.00,0.00,0.00,0.00"
"377,David de Gea,es ESP,GK,Fiorentina,35-143,1990,30,30,""2,7"",30.0,0,0,0,0,0,0,0,0,0.00,0.00,0.00,0.00,0.00"
"378,Federico Gatti,it ITA,DF,Juventus,27-279,1998,16,11,957,10.6,2,0,2,2,0,0,3,0,0.19,0.00,0.19,0.19,0.19"
"379,Ulisses Garcia,ch SUI,DF,Sassuolo,30-078,1996,7,5,477,5.3,0,1,1,0,0,0,2,0,0.00,0.19,0.19,0.00,0.19"
"380,Omri Gandelman,il ISR,""MF,FW"",Lecce,25-318,2000,12,9,734,8.2,2,0,2,2,0,0,0,0,0.25,0.00,0.25,0.25,0.25"
"381,Antonino Gallo,it ITA,DF,Lecce,26-084,2000,30,28,""2,477"",27.5,0,3,3,0,0,0,2,0,0.00,0.11,0.11,0.00,0.11"
"382,Roberto Gagliardini,it ITA,MF,Hellas Verona,31-357,1994,22,18,""1,65"",18.3,1,0,1,1,0,0,6,0,0.05,0.00,0.05,0.05,0.05"
"383,Gianluca Gaetano,it ITA,""MF,FW"",Cagliari,25-329,2000,25,13,""1,242"",13.8,2,3,5,2,0,0,4,0,0.14,0.22,0.36,0.14,0.36"
"384,Tiago Gabriel,pt POR,DF,Lecce,21-094,2004,30,29,""2,589"",28.8,1,0,1,1,0,0,4,0,0.03,0.00,0.03,0.03,0.03"
"385,Matteo Gabbia,it ITA,DF,Milan,26-160,1999,24,22,""1,99"",22.1,0,0,0,0,0,0,3,0,0.00,0.00,0.00,0.00,0.00"
"386,Niclas Füllkrug,de GER,FW,Milan,33-049,1993,14,2,437,4.9,1,0,1,1,0,1,0,0,0.21,0.00,0.21,0.21,0.21"
"387,Remo Freuler,ch SUI,MF,Bologna,33-349,1992,21,18,""1,518"",16.9,0,2,2,0,0,0,5,0,0.00,0.12,0.12,0.00,0.12"
"388,Martin Frese,dk DEN,""MF,DF"",Hellas Verona,28-085,1998,24,20,""1,816"",20.2,2,0,2,2,0,0,5,0,0.10,0.00,0.10,0.10,0.10"
"389,Morten Frendrup,dk DEN,MF,Genoa,24-357,2001,29,28,""2,459"",27.3,1,0,1,1,0,0,3,0,0.04,0.00,0.04,0.04,0.04"
"390,Davide Frattesi,it ITA,MF,Inter,26-159,1999,18,3,512,5.7,0,0,0,0,0,0,0,0,0.00,0.00,0.00,0.00,0.00"
"391,Niccolň Fortini,it ITA,MF,Fiorentina,20-045,2006,16,2,541,6.0,0,0,0,0,0,0,0,0,0.00,0.00,0.00,0.00,0.00"
"392,Michael Folorunsho,it ITA,""MF,FW"",Cagliari,28-051,1998,20,19,""1,58"",17.6,2,0,2,2,0,0,3,0,0.11,0.00,0.11,0.11,0.11"
"393,Francesco Folino,it ITA,DF,Cremonese,24-066,2002,16,7,686,7.6,1,0,1,1,0,0,1,0,0.13,0.00,0.13,0.13,0.13"
"394,Youssouf Fofana,fr FRA,MF,Milan,27-079,1999,25,22,""1,737"",19.3,2,3,5,2,0,0,4,0,0.10,0.16,0.26,0.10,0.26"
"395,Sadik Fofana,tg TOG,MF,Lecce,22-318,2003,4,0,39,0.4,0,0,0,0,0,0,0,0,0.00,0.00,0.00,0.00,0.00"
"396,Romano Floriani,it ITA,""MF,DF"",Cremonese,23-062,2003,21,8,848,9.4,0,0,0,0,0,0,2,0,0.00,0.00,0.00,0.00,0.00"
"397,Seydou Fini,it ITA,FW,Genoa,19-301,2006,1,0,32,0.4,0,0,0,0,0,0,0,0,0.00,0.00,0.00,0.00,0.00"
"398,Lewis Ferguson,sct SCO,MF,Bologna,26-218,1999,20,13,""1,194"",13.3,1,0,1,1,0,0,5,0,0.08,0.00,0.08,0.08,0.08"
"399,Evan Ferguson,ie IRL,FW,Roma,21-162,2004,16,10,773,8.6,3,2,5,3,0,0,1,0,0.35,0.23,0.58,0.35,0.58"
"400,Pedro Felipe,br BRA,DF,Sassuolo,21-311,2004,1,0,2,0.0,0,0,0,0,0,0,0,0,0.00,0.00,0.00,0.00,0.00"
"401,Mattia Felici,it ITA,MF,Cagliari,24-347,2001,11,4,411,4.6,2,1,3,2,0,0,3,0,0.44,0.22,0.66,0.44,0.66"
"402,Jacopo Fazzini,it ITA,""MF,FW"",Fiorentina,23-014,2003,15,4,434,4.8,0,0,0,0,0,0,1,0,0.00,0.00,0.00,0.00,0.00"
"403,Wladimiro Falcone,it ITA,GK,Lecce,30-352,1995,30,30,""2,7"",30.0,0,0,0,0,0,0,2,0,0.00,0.00,0.00,0.00,0.00"
"404,Nicolň Fagioli,it ITA,MF,Fiorentina,25-046,2001,27,24,""2,069"",23.0,1,3,4,1,0,0,4,0,0.04,0.13,0.17,0.04,0.17"
"405,Alieu Fadera,gm GAM,FW,Sassuolo,24-147,2001,25,8,936,10.4,2,1,3,2,0,0,4,0,0.19,0.10,0.29,0.19,0.29"
"406,Giovanni Fabbian,it ITA,MF,Bologna,23-075,2003,14,8,705,7.8,2,0,2,2,0,0,0,0,0.26,0.00,0.26,0.26,0.26"
"407,Giovanni Fabbian,it ITA,MF,Fiorentina,23-075,2003,8,1,161,1.8,0,0,0,0,0,0,2,0,0.00,0.00,0.00,0.00,0.00"
"408,Pervis Estupińán,ec ECU,MF,Milan,28-068,1998,16,12,888,9.9,1,1,2,1,0,0,3,1,0.10,0.10,0.20,0.10,0.20"
"409,Nahuel Estévez,ar ARG,MF,Parma,30-136,1995,26,9,940,10.4,0,0,0,0,0,0,2,0,0.00,0.00,0.00,0.00,0.00"
"410,Tomás Esteves,pt POR,""DF,MF"",Pisa,23-361,2002,1,0,14,0.2,0,0,0,0,0,0,0,0,0.00,0.00,0.00,0.00,0.00"
"411,Sebastiano Esposito,it ITA,""FW,MF"",Cagliari,23-271,2002,28,26,""2,023"",22.5,4,5,9,4,0,0,5,0,0.18,0.22,0.40,0.18,0.40"
"412,Francesco Esposito,it ITA,FW,Inter,20-275,2005,28,11,""1,209"",13.4,6,3,9,6,0,0,1,0,0.45,0.22,0.67,0.45,0.67"
"413,Nesta Elphege,fr FRA,FW,Parma,25-080,2001,3,0,53,0.6,0,0,0,0,0,0,0,0,0.00,0.00,0.00,0.00,0.00"
"414,Elif Elmas,mk MKD,MF,Napoli,26-187,1999,26,18,""1,54"",17.1,1,2,3,1,0,0,2,0,0.06,0.12,0.18,0.06,0.18"
"415,Mikael Ellertsson,is ISL,MF,Genoa,24-019,2002,29,24,""2,183"",24.3,1,1,2,1,0,0,1,0,0.04,0.04,0.08,0.04,0.08"
"416,Caleb Ekuban,gh GHA,""FW,MF"",Genoa,32-007,1994,25,6,847,9.4,3,1,4,3,0,0,0,0,0.32,0.11,0.43,0.32,0.43"
"417,Jurgen Ekkelenkamp,nl NED,MF,Udinese,25-359,2000,26,22,""1,803"",20.0,4,1,5,4,0,0,1,0,0.20,0.05,0.25,0.20,0.25"
"418,Jeff Ekhator,it ITA,FW,Genoa,19-139,2006,24,5,649,7.2,2,0,2,2,0,0,3,0,0.28,0.00,0.28,0.28,0.28"
"419,Kingsley Ehizibue,nl NED,""MF,DF"",Udinese,30-309,1995,25,13,""1,239"",13.8,0,0,0,0,0,0,3,0,0.00,0.00,0.00,0.00,0.00"
"420,Andrias Edmundsson,fo FRO,DF,Hellas Verona,25-102,2000,7,7,630,7.0,0,0,0,0,0,0,2,0,0.00,0.00,0.00,0.00,0.00"
"421,Éderson,br BRA,MF,Atalanta,26-266,1999,23,20,""1,683"",18.7,1,0,1,0,1,1,1,0,0.05,0.00,0.05,0.00,0.00"
"422,Enzo Ebosse,cm CMR,DF,Hellas Verona,27-019,1999,4,3,214,2.4,0,0,0,0,0,0,1,0,0.00,0.00,0.00,0.00,0.00"
"423,Enzo Ebosse,cm CMR,DF,Torino,27-019,1999,5,5,402,4.5,0,0,0,0,0,0,0,0,0.00,0.00,0.00,0.00,0.00"
"424,Edin Džeko,ba BIH,FW,Fiorentina,40-013,1986,11,2,244,2.7,0,0,0,0,0,0,1,0,0.00,0.00,0.00,0.00,0.00"
"425,Paulo Dybala,ar ARG,""FW,MF"",Roma,32-135,1993,17,12,""1,054"",11.7,2,2,4,2,0,1,0,0,0.17,0.17,0.34,0.17,0.34"
"426,Rafiu Durosinmi,ng NGA,FW,Pisa,23-088,2003,9,4,384,4.3,1,1,2,1,0,0,0,1,0.23,0.23,0.47,0.23,0.47"
"427,Milan ?uri?,ba BIH,FW,Parma,35-312,1990,12,0,74,0.8,0,0,0,0,0,0,0,0,0.00,0.00,0.00,0.00,0.00"
"428,Milan ?uri?,ba BIH,FW,Cremonese,35-312,1990,7,2,318,3.5,0,1,1,0,0,0,1,0,0.00,0.28,0.28,0.00,0.28"
"429,Denzel Dumfries,nl NED,MF,Inter,29-346,1996,14,11,926,10.3,1,0,1,1,0,0,2,0,0.10,0.00,0.10,0.10,0.10"
"430,Artem Dovbyk,ua UKR,FW,Roma,28-282,1997,13,3,390,4.3,3,1,4,3,0,0,0,0,0.69,0.23,0.92,0.69,0.92"
"431,Anastasios Douvikas,gr GRE,FW,Como,26-240,1999,30,18,""1,668"",18.5,11,1,12,10,1,1,0,0,0.59,0.05,0.65,0.54,0.59"
"432,Alberto Dossena,it ITA,DF,Cagliari,27-168,1998,6,6,540,6.0,0,1,1,0,0,0,5,0,0.00,0.17,0.17,0.00,0.17"
"433,Benjamín Domínguez,ar ARG,MF,Bologna,22-192,2003,13,5,482,5.4,0,3,3,0,0,0,1,0,0.00,0.56,0.56,0.00,0.56"
"434,Josh Doig,sct SCO,DF,Sassuolo,23-316,2002,28,20,""1,763"",19.6,0,0,0,0,0,0,4,0,0.00,0.00,0.00,0.00,0.00"
"435,Dodô,br BRA,""DF,MF"",Fiorentina,27-133,1998,29,29,""2,504"",27.8,1,2,3,1,0,0,6,0,0.04,0.07,0.11,0.04,0.11"
"436,Berat Djimsiti,al ALB,DF,Atalanta,33-039,1993,27,23,""2,016"",22.4,0,0,0,0,0,0,2,0,0.00,0.00,0.00,0.00,0.00"
"437,Andy Diouf,fr FRA,MF,Inter,22-317,2003,14,1,238,2.6,0,0,0,0,0,0,0,0,0.00,0.00,0.00,0.00,0.00"
"438,Federico Dimarco,it ITA,MF,Inter,28-140,1997,28,24,""2,229"",24.8,6,13,19,6,0,0,3,0,0.24,0.52,0.77,0.24,0.77"
"439,Assane Diao,sn SEN,MF,Como,20-204,2005,9,5,442,4.9,1,1,2,1,0,0,0,0,0.20,0.20,0.41,0.20,0.41"
"440,Boulaye Dia,sn SEN,""FW,MF"",Lazio,29-134,1996,19,11,956,10.6,1,1,2,1,0,0,0,0,0.09,0.09,0.19,0.09,0.19"
"441,Alessandro Di Pardo,it ITA,""DF,MF"",Cagliari,26-255,1999,3,0,54,0.6,0,0,0,0,0,0,0,0,0.00,0.00,0.00,0.00,0.00"
"442,Giovanni Di Lorenzo,it ITA,""DF,MF"",Napoli,32-238,1993,23,23,""2,009"",22.3,1,1,2,1,0,0,1,0,0.04,0.04,0.09,0.04,0.09"
"443,Michele Di Gregorio,it ITA,GK,Juventus,28-246,1997,23,23,""2,07"",23.0,0,0,0,0,0,0,1,0,0.00,0.00,0.00,0.00,0.00"
"444,Daniel Denoon,ch SUI,DF,Pisa,22-061,2004,2,2,122,1.4,0,0,0,0,0,0,1,0,0.00,0.00,0.00,0.00,0.00"
"445,Ali Dembélé,fr FRA,DF,Torino,22-084,2004,2,0,21,0.2,0,0,0,0,0,0,0,0,0.00,0.00,0.00,0.00,0.00"
"446,Fisayo Dele-Bashiru,ng NGA,MF,Lazio,25-052,2001,16,8,767,8.5,0,0,0,0,0,0,0,0,0.00,0.00,0.00,0.00,0.00"
"447,Enrico Del Prato,it ITA,DF,Parma,26-140,1999,28,27,""2,348"",26.1,1,0,1,1,0,0,5,0,0.04,0.00,0.04,0.04,0.04"
"448,Alessandro Deiola,it ITA,""MF,DF"",Cagliari,30-241,1995,13,11,976,10.8,0,2,2,0,0,0,3,0,0.00,0.18,0.18,0.00,0.18"
"449,Koni De Winter,be BEL,DF,Milan,23-291,2002,22,16,""1,548"",17.2,1,1,2,1,0,0,1,0,0.06,0.06,0.12,0.06,0.12"
"450,Lorenzo De Silvestri,it ITA,DF,Bologna,37-311,1988,9,4,317,3.5,0,0,0,0,0,0,2,0,0.00,0.00,0.00,0.00,0.00"
"451,Manuel De Luca,it ITA,FW,Cremonese,27-256,1998,2,0,16,0.2,1,0,1,0,1,1,0,0,5.63,0.00,5.63,0.00,0.00"
"452,Charles De Ketelaere,be BEL,""MF,FW"",Atalanta,25-020,2001,23,19,""1,63"",18.1,3,3,6,3,0,0,3,0,0.17,0.17,0.33,0.17,0.33"
"453,Kevin De Bruyne,be BEL,MF,Napoli,34-275,1991,11,8,713,7.9,4,0,4,1,3,3,1,0,0.50,0.00,0.50,0.13,0.13"
"454,Keinan Davis,eng ENG,FW,Udinese,28-045,1998,26,24,""1,815"",20.2,10,3,13,6,4,4,5,0,0.50,0.15,0.64,0.30,0.45"
"455,Jonathan David,ca CAN,FW,Juventus,26-075,2000,28,16,""1,42"",15.8,5,4,9,5,0,1,0,0,0.32,0.25,0.57,0.32,0.57"
"456,Juan David Cabal,co COL,MF,Juventus,25-081,2001,12,2,296,3.3,2,0,2,2,0,0,1,0,0.61,0.00,0.61,0.61,0.61"
"457,Matteo Darmian,it ITA,""DF,MF"",Inter,36-118,1989,3,0,73,0.8,0,0,0,0,0,0,0,0,0.00,0.00,0.00,0.00,0.00"
"458,Thijs Dallinga,nl NED,FW,Bologna,25-239,2000,21,9,786,8.7,2,2,4,2,0,0,2,0,0.23,0.23,0.46,0.23,0.46"
"459,Lucas Da Cunha,fr FRA,MF,Como,24-294,2001,28,24,""2,088"",23.2,3,3,6,1,2,2,4,0,0.13,0.13,0.26,0.04,0.17"
"460,Patrick Cutrone,it ITA,FW,Parma,28-086,1998,15,11,888,9.9,1,0,1,1,0,0,0,0,0.10,0.00,0.10,0.10,0.10"
"461,Juan Cuadrado,co COL,MF,Pisa,37-308,1988,13,2,409,4.5,1,0,1,0,1,1,3,0,0.22,0.00,0.22,0.00,0.00"
"462,Bryan Cristante,it ITA,MF,Roma,31-027,1995,29,28,""2,406"",26.7,2,1,3,2,0,0,6,0,0.07,0.04,0.11,0.07,0.11"
"463,Ben Cremaschi,us USA,MF,Parma,21-028,2005,8,2,132,1.5,0,0,0,0,0,0,0,0,0.00,0.00,0.00,0.00,0.00"
"464,Woyo Coulibaly,ml MLI,DF,Sassuolo,26-308,1999,13,5,586,6.5,0,0,0,0,0,0,2,0,0.00,0.00,0.00,0.00,0.00"
"465,Lassana Coulibaly,ml MLI,MF,Lecce,29-354,1996,25,24,""2,036"",22.6,3,1,4,3,0,0,3,0,0.13,0.04,0.18,0.13,0.18"
"466,Edoardo Corvi,it ITA,GK,Parma,25-007,2001,16,16,""1,44"",16.0,0,0,0,0,0,0,1,0,0.00,0.00,0.00,0.00,0.00"
"467,Maxwel Cornet,ci CIV,MF,Genoa,29-184,1996,7,1,108,1.2,0,0,0,0,0,1,0,0,0.00,0.00,0.00,0.00,0.00"
"468,Francesco Coppola,it ITA,DF,Pisa,20-353,2005,6,5,451,5.0,0,0,0,0,0,0,3,0,0.00,0.00,0.00,0.00,0.00"
"469,Francisco Conceiçăo,pt POR,""MF,FW"",Juventus,23-106,2002,23,19,""1,47"",16.3,3,3,6,3,0,0,2,0,0.18,0.18,0.37,0.18,0.37"
"470,Pietro Comuzzo,it ITA,DF,Fiorentina,21-038,2005,22,16,""1,429"",15.9,1,0,1,1,0,0,2,0,0.06,0.00,0.06,0.06,0.06"
"471,Lorenzo Colombo,it ITA,FW,Genoa,24-022,2002,30,23,""1,822"",20.2,6,1,7,6,0,1,2,0,0.30,0.05,0.35,0.30,0.35"
"472,Michele Collocolo,it ITA,MF,Cremonese,26-142,1999,6,5,308,3.4,0,0,0,0,0,0,1,0,0.00,0.00,0.00,0.00,0.00"
"473,Saúl Coco,gq EQG,DF,Torino,27-049,1999,27,27,""2,43"",27.0,1,1,2,1,0,0,2,0,0.04,0.04,0.07,0.04,0.07"
"474,Alessandro Circati,au AUS,DF,Parma,22-171,2003,23,23,""1,944"",21.6,1,0,1,1,0,0,5,0,0.05,0.00,0.05,0.05,0.05"
"475,Samuel Chukwueze,ng NGA,""FW,MF"",Milan,26-312,1999,1,0,26,0.3,0,0,0,0,0,0,0,0,0.00,0.00,0.00,0.00,0.00"
"476,Walid Cheddira,ma MAR,FW,Sassuolo,28-067,1998,16,1,221,2.5,1,0,1,1,0,0,1,0,0.41,0.00,0.41,0.41,0.41"
"477,Walid Cheddira,ma MAR,FW,Lecce,28-067,1998,9,5,507,5.6,0,0,0,0,0,0,0,0,0.00,0.00,0.00,0.00,0.00"
"478,Fallou Cham,gm GAM,MF,Hellas Verona,20-044,2006,6,3,228,2.5,0,0,0,0,0,0,0,0,0.00,0.00,0.00,0.00,0.00"
"479,Zeki Çelik,tr TUR,""MF,DF"",Roma,29-041,1997,26,24,""2,077"",23.1,1,2,3,1,0,0,1,1,0.04,0.09,0.13,0.04,0.13"
"480,Federico Ceccherini,it ITA,DF,Cremonese,33-323,1992,9,6,476,5.3,0,1,1,0,0,0,1,1,0.00,0.19,0.19,0.00,0.19"
"481,Nicolň Cavuoti,it ITA,MF,Cagliari,22-360,2003,4,0,44,0.5,0,0,0,0,0,0,0,0,0.00,0.00,0.00,0.00,0.00"
"482,Danilo Cataldi,it ITA,MF,Lazio,31-236,1994,25,22,""1,835"",20.4,3,3,6,1,2,2,5,0,0.15,0.15,0.29,0.05,0.20"
"483,Santiago Castro,ar ARG,FW,Bologna,21-193,2004,27,19,""1,788"",19.9,7,2,9,7,0,0,2,0,0.35,0.10,0.45,0.35,0.45"
"484,Valentín Castellanos,ar ARG,FW,Lazio,27-178,1998,11,8,692,7.7,2,3,5,2,0,0,2,0,0.26,0.39,0.65,0.26,0.65"
"485,Nicolň Casale,it ITA,DF,Bologna,28-044,1998,11,7,588,6.5,0,0,0,0,0,0,0,0,0.00,0.00,0.00,0.00,0.00"
"486,Cesare Casadei,it ITA,MF,Torino,23-079,2003,26,16,""1,631"",18.1,4,0,4,4,0,0,5,0,0.22,0.00,0.22,0.22,0.22"
"487,Marco Carnesecchi,it ITA,GK,Atalanta,25-272,2000,30,30,""2,7"",30.0,0,0,0,0,0,0,0,0,0.00,0.00,0.00,0.00,0.00"
"488,Diego Carlos,br BRA,DF,Como,33-015,1993,21,16,""1,569"",17.4,1,0,1,1,0,0,6,0,0.06,0.00,0.06,0.06,0.06"
"489,Valentin Carboni,ar ARG,MF,Genoa,21-025,2005,12,3,359,4.0,0,0,0,0,0,0,2,0,0.00,0.00,0.00,0.00,0.00"
"490,Franco Carboni,it ITA,MF,Parma,22-360,2003,2,0,5,0.1,0,0,0,0,0,0,0,0,0.00,0.00,0.00,0.00,0.00"
"491,Antonio Caracciolo,it ITA,DF,Pisa,35-273,1990,28,27,""2,443"",27.1,2,0,2,2,0,0,7,0,0.07,0.00,0.07,0.07,0.07"
"492,Maxence Caqueret,fr FRA,MF,Como,26-043,2000,24,14,""1,212"",13.5,2,4,6,2,0,0,2,0,0.15,0.30,0.45,0.15,0.45"
"493,Elia Caprile,it ITA,GK,Cagliari,24-217,2001,30,30,""2,7"",30.0,0,0,0,0,0,0,2,0,0.00,0.00,0.00,0.00,0.00"
"494,Simone Canestrelli,it ITA,DF,Pisa,25-200,2000,29,28,""2,481"",27.6,0,0,0,0,0,0,3,0,0.00,0.00,0.00,0.00,0.00"
"495,Fali Candé,gw GNB,DF,Sassuolo,28-065,1998,12,5,509,5.7,0,0,0,0,0,0,2,0,0.00,0.00,0.00,0.00,0.00"
"496,Matteo Cancellieri,it ITA,""FW,MF"",Lazio,24-046,2002,23,15,""1,277"",14.2,3,1,4,3,0,0,4,0,0.21,0.07,0.28,0.21,0.28"
"497,Andrea Cambiaso,it ITA,""MF,DF"",Juventus,26-038,2000,28,27,""2,174"",24.2,3,3,6,3,0,0,1,1,0.12,0.12,0.25,0.12,0.25"
"498,Nicolň Cambiaghi,it ITA,""MF,FW"",Bologna,25-092,2000,24,15,""1,36"",15.1,3,4,7,3,0,0,3,1,0.20,0.26,0.46,0.20,0.46"
"499,Francesco Camarda,it ITA,FW,Lecce,18-020,2008,17,7,639,7.1,1,0,1,1,0,1,1,0,0.14,0.00,0.14,0.14,0.14"
"500,Hakan Çalhano?lu,tr TUR,MF,Inter,32-050,1994,19,17,""1,399"",15.5,8,2,10,4,4,5,6,0,0.51,0.13,0.64,0.26,0.39"
"501,Arturo Calabresi,it ITA,DF,Pisa,30-013,1996,20,12,""1,087"",12.1,0,0,0,0,0,0,5,0,0.00,0.00,0.00,0.00,0.00"
"502,Jean Butez,fr FRA,GK,Como,30-295,1995,30,30,""2,7"",30.0,0,0,0,0,0,0,3,0,0.00,0.00,0.00,0.00,0.00"
"503,Alessandro Buongiorno,it ITA,DF,Napoli,26-297,1999,26,21,""1,923"",21.4,0,1,1,0,0,0,2,0,0.00,0.05,0.05,0.00,0.05"
"504,Adam Buksa,pl POL,FW,Udinese,29-261,1996,19,3,627,7.0,2,0,2,2,0,0,2,0,0.29,0.00,0.29,0.29,0.29"
"505,Louis Buffon,cz CZE,FW,Pisa,18-092,2007,4,0,32,0.4,0,0,0,0,0,0,0,0,0.00,0.00,0.00,0.00,0.00"
"506,Sascha Britschgi,ch SUI,""MF,DF"",Parma,19-215,2006,25,20,""1,903"",21.1,0,2,2,0,0,0,4,0,0.00,0.09,0.09,0.00,0.09"
"507,Marco Brescianini,it ITA,MF,Atalanta,26-069,2000,9,0,182,2.0,1,0,1,1,0,0,1,0,0.49,0.00,0.49,0.49,0.49"
"508,Marco Brescianini,it ITA,MF,Fiorentina,26-069,2000,11,7,628,7.0,1,0,1,1,0,0,1,0,0.14,0.00,0.14,0.14,0.14"
"509,Gleison Bremer,br BRA,DF,Juventus,29-012,1997,19,18,""1,541"",17.1,3,3,6,3,0,0,3,0,0.18,0.18,0.35,0.18,0.35"
"510,Iker Bravo,es ESP,FW,Udinese,21-076,2005,8,3,206,2.3,1,0,1,1,0,0,1,0,0.44,0.00,0.44,0.44,0.44"
"511,Domagoj Bradari?,hr CRO,MF,Hellas Verona,26-110,1999,23,21,""1,784"",19.8,0,0,0,0,0,0,2,0,0.00,0.00,0.00,0.00,0.00"
"512,Rosen Bozhinov,bg BUL,DF,Pisa,21-066,2005,5,4,339,3.8,0,0,0,0,0,0,1,0,0.00,0.00,0.00,0.00,0.00"
"513,Kieron Bowie,sct SCO,FW,Hellas Verona,23-190,2002,7,7,570,6.3,1,0,1,1,0,0,1,0,0.16,0.00,0.16,0.16,0.16"
"514,Gennaro Borrelli,it ITA,FW,Cagliari,26-020,2000,22,10,""1,038"",11.5,3,1,4,3,0,0,3,0,0.26,0.09,0.35,0.26,0.35"
"515,Ange-Yoan Bonny,fr FRA,FW,Inter,22-156,2003,25,8,809,9.0,5,3,8,5,0,0,0,0,0.56,0.33,0.89,0.56,0.89"
"516,Giovanni Bonfanti,it ITA,""DF,MF"",Pisa,23-072,2003,9,6,494,5.5,0,0,0,0,0,0,1,0,0.00,0.00,0.00,0.00,0.00"
"517,Warren Bondo,fr FRA,MF,Cremonese,22-196,2003,22,19,""1,475"",16.4,0,0,0,0,0,0,5,0,0.00,0.00,0.00,0.00,0.00"
"518,Federico Bonazzoli,it ITA,FW,Cremonese,28-313,1997,27,23,""1,827"",20.3,6,1,7,5,1,1,3,0,0.30,0.05,0.34,0.25,0.30"
"519,Daniel Boloca,ro ROU,MF,Sassuolo,27-098,1998,2,2,135,1.5,0,0,0,0,0,0,0,0,0.00,0.00,0.00,0.00,0.00"
"520,Jeremie Boga,ci CIV,""MF,FW"",Juventus,29-086,1997,7,2,278,3.1,3,0,3,3,0,0,0,0,0.97,0.00,0.97,0.97,0.97"
"521,Cristiano Biraghi,it ITA,""MF,DF"",Torino,33-210,1992,11,5,469,5.2,0,0,0,0,0,0,0,0,0.00,0.00,0.00,0.00,0.00"
"522,Justin Bijlow,nl NED,GK,Genoa,28-067,1998,9,9,810,9.0,0,0,0,0,0,0,0,0,0.00,0.00,0.00,0.00,0.00"
"523,Matteo Bianchetti,it ITA,DF,Cremonese,33-013,1993,22,21,""1,762"",19.6,0,2,2,0,0,0,3,0,0.00,0.10,0.10,0.00,0.10"
"524,Sam Beukema,nl NED,DF,Napoli,27-133,1998,18,15,""1,322"",14.7,2,0,2,2,0,0,2,0,0.14,0.00,0.14,0.14,0.14"
"525,Nicolň Bertola,it ITA,""DF,MF"",Udinese,23-007,2003,24,18,""1,644"",18.3,0,1,1,0,0,0,3,0,0.00,0.05,0.05,0.00,0.05"
"526,Antoine Bernede,fr FRA,MF,Hellas Verona,26-308,1999,25,22,""1,807"",20.1,1,2,3,1,0,0,1,0,0.05,0.10,0.15,0.05,0.15"
"527,Lorenzo Bernasconi,it ITA,MF,Atalanta,22-134,2003,20,15,""1,355"",15.1,0,3,3,0,0,0,3,0,0.00,0.20,0.20,0.00,0.20"
"528,Federico Bernardeschi,it ITA,""MF,FW"",Bologna,32-042,1994,22,7,833,9.3,2,1,3,1,1,1,2,0,0.22,0.11,0.32,0.11,0.22"
"529,Adrian Bernabe,es ESP,MF,Parma,24-308,2001,27,26,""2,109"",23.4,3,1,4,3,0,0,0,0,0.13,0.04,0.17,0.13,0.17"
"530,Medon Berisha,al ALB,MF,Lecce,22-160,2003,13,12,871,9.7,2,3,5,2,0,0,0,0,0.21,0.31,0.52,0.21,0.52"
"531,Domenico Berardi,it ITA,FW,Sassuolo,31-241,1994,20,19,""1,577"",17.5,7,4,11,5,2,3,2,0,0.40,0.23,0.63,0.29,0.51"
"532,Adrian Benedyczak,pl POL,FW,Parma,25-126,2000,14,5,490,5.4,1,1,2,0,1,1,1,0,0.18,0.18,0.37,0.00,0.18"
"533,Andrea Belotti,it ITA,FW,Cagliari,32-100,1993,3,3,188,2.1,2,0,2,1,1,1,0,0,0.96,0.00,0.96,0.48,0.48"
"534,Raoul Bellanova,it ITA,MF,Atalanta,25-317,2000,18,12,""1,162"",12.9,0,1,1,0,0,0,1,0,0.00,0.08,0.08,0.00,0.08"
"535,Armel Bella Kotchap,de GER,DF,Hellas Verona,24-109,2001,17,13,""1,264"",14.0,0,0,0,0,0,0,3,0,0.00,0.00,0.00,0.00,0.00"
"536,Rafik Belghali,dz ALG,MF,Hellas Verona,23-296,2002,18,14,""1,259"",14.0,2,0,2,2,0,0,5,0,0.14,0.00,0.14,0.14,0.14"
"537,Reda Belahyane,ma MAR,MF,Lazio,21-302,2004,12,4,519,5.8,0,1,1,0,0,0,1,1,0.00,0.17,0.17,0.00,0.17"
"538,Tjaš Begi?,si SVN,MF,Parma,22-273,2003,1,0,1,0.0,0,0,0,0,0,0,0,0,0.00,0.00,0.00,0.00,0.00"
"539,Vakoun Bayo,ci CIV,FW,Udinese,29-079,1997,13,4,424,4.7,0,1,1,0,0,0,0,0,0.00,0.21,0.21,0.00,0.21"
"540,Martin Baturina,hr CRO,""MF,FW"",Como,23-042,2003,21,11,""1,027"",11.4,6,3,9,6,0,0,0,0,0.53,0.26,0.79,0.53,0.79"
"541,Alessandro Bastoni,it ITA,DF,Inter,26-351,1999,24,24,""2,009"",22.3,1,4,5,1,0,0,6,0,0.04,0.18,0.22,0.04,0.22"
"542,Toma Baši?,hr CRO,MF,Lazio,29-125,1996,16,16,""1,17"",13.0,1,2,3,1,0,0,0,1,0.08,0.15,0.23,0.08,0.23"
"543,Federico Baschirotto,it ITA,DF,Cremonese,29-191,1996,25,25,""2,25"",25.0,2,0,2,2,0,0,2,0,0.08,0.00,0.08,0.08,0.08"
"544,Davide Bartesaghi,it ITA,""MF,DF"",Milan,20-091,2005,24,20,""1,867"",20.7,2,0,2,2,0,0,2,0,0.10,0.00,0.10,0.10,0.10"
"545,Nicolň Barella,it ITA,MF,Inter,29-051,1997,27,24,""1,986"",22.1,1,7,8,1,0,0,6,0,0.05,0.32,0.36,0.05,0.36"
"546,Tommaso Barbieri,it ITA,MF,Cremonese,23-216,2002,22,16,""1,489"",16.5,0,1,1,0,0,0,6,0,0.00,0.06,0.06,0.00,0.06"
"547,Lameck Banda,zm ZAM,""MF,FW"",Lecce,25-060,2001,24,14,""1,214"",13.5,3,3,6,3,0,0,6,1,0.22,0.22,0.44,0.22,0.44"
"548,Tommaso Baldanzi,it ITA,MF,Genoa,23-007,2003,4,2,179,2.0,0,0,0,0,0,0,0,0,0.00,0.00,0.00,0.00,0.00"
"549,Tommaso Baldanzi,it ITA,""FW,MF"",Roma,23-007,2003,10,3,386,4.3,1,0,1,1,0,0,2,0,0.23,0.00,0.23,0.23,0.23"
"550,Darryl Bakola,fr FRA,MF,Sassuolo,18-120,2007,3,1,80,0.9,0,0,0,0,0,0,0,0,0.00,0.00,0.00,0.00,0.00"
"551,Leon Bailey,jm JAM,FW,Roma,28-233,1997,7,1,186,2.1,0,0,0,0,0,0,0,0,0.00,0.00,0.00,0.00,0.00"
"552,Neil El Aynaoui,ma MAR,MF,Roma,24-271,2001,19,5,657,7.3,0,1,1,0,0,0,4,0,0.00,0.14,0.14,0.00,0.14"
"553,Yann Aurel Bisseck,de GER,DF,Inter,25-121,2000,19,17,""1,566"",17.4,2,1,3,2,0,0,2,0,0.11,0.06,0.17,0.11,0.17"
"554,Carlos Augusto,br BRA,""MF,DF"",Inter,27-082,1999,27,13,""1,244"",13.8,1,1,2,1,0,0,5,0,0.07,0.07,0.14,0.07,0.14"
"555,Emil Audero,id IDN,GK,Cremonese,29-071,1997,26,26,""2,34"",26.0,0,0,0,0,0,0,0,0,0.00,0.00,0.00,0.00,0.00"
"556,Arthur Atta,fr FRA,MF,Udinese,23-075,2003,24,21,""1,85"",20.6,2,3,5,2,0,0,3,0,0.10,0.15,0.24,0.10,0.24"
"557,Zachary Athekame,ch SUI,MF,Milan,21-107,2004,20,4,499,5.5,1,2,3,1,0,0,3,0,0.18,0.36,0.54,0.18,0.54"
"558,Kristjan Asllani,al ALB,MF,Torino,24-021,2002,15,13,""1,129"",12.5,0,0,0,0,0,1,3,0,0.00,0.00,0.00,0.00,0.00"
"559,Juan Arizala,co COL,MF,Udinese,20-171,2005,4,0,54,0.6,0,0,0,0,0,0,0,0,0.00,0.00,0.00,0.00,0.00"
"560,Antonio Arena,it ITA,FW,Roma,17-048,2009,2,0,23,0.3,0,0,0,0,0,0,0,0,0.00,0.00,0.00,0.00,0.00"
"561,Faustino Anjorin,eng ENG,MF,Torino,24-127,2001,13,1,255,2.8,0,0,0,0,0,0,1,0,0.00,0.00,0.00,0.00,0.00"
"562,Samuele Angori,it ITA,MF,Pisa,22-174,2003,27,23,""1,942"",21.6,0,1,1,0,0,0,2,0,0.00,0.05,0.05,0.00,0.05"
"563,Angelińo,es ESP,MF,Roma,29-085,1997,6,5,403,4.5,0,0,0,0,0,0,2,0,0.00,0.00,0.00,0.00,0.00"
"564,Nícolas Andrade,br BRA,GK,Pisa,37-352,1988,6,6,540,6.0,0,0,0,0,0,0,0,0,0.00,0.00,0.00,0.00,0.00"
"565,Amorim,br BRA,MF,Genoa,20-316,2005,5,0,100,1.1,0,0,0,0,0,0,0,0,0.00,0.00,0.00,0.00,0.00"
"566,Giuseppe Ambrosino,it ITA,FW,Napoli,22-201,2003,3,0,38,0.4,0,0,0,0,0,0,0,0,0.00,0.00,0.00,0.00,0.00"
"567,Pontus Almqvist,se SWE,MF,Parma,26-263,1999,9,4,400,4.4,0,0,0,0,0,0,0,0,0.00,0.00,0.00,0.00,0.00"
"568,Raúl Albiol,es ESP,DF,Pisa,40-207,1985,8,5,500,5.6,0,1,1,0,0,0,1,0,0.00,0.18,0.18,0.00,0.18"
"569,Agustín Albarracín,uy URU,FW,Cagliari,20-213,2005,1,0,15,0.2,0,0,0,0,0,0,0,0,0.00,0.00,0.00,0.00,0.00"
"570,Al-Musrati,ly LBY,MF,Hellas Verona,29-358,1996,16,8,784,8.7,0,1,1,0,0,0,5,1,0.00,0.11,0.11,0.00,0.11"
"571,Jean-Daniel Akpa-Akpro,ci CIV,MF,Hellas Verona,33-170,1992,14,10,910,10.1,1,0,1,1,0,0,7,0,0.10,0.00,0.10,0.10,0.10"
"572,Ebenezer Akinsanmiro,ng NGA,MF,Pisa,21-125,2004,16,10,998,11.1,0,1,1,0,0,0,2,0,0.00,0.09,0.09,0.00,0.09"
"573,Manuel Akanji,ch SUI,DF,Inter,30-254,1995,28,26,""2,371"",26.3,2,0,2,2,0,0,3,0,0.08,0.00,0.08,0.08,0.08"
"574,Junior Ajayi,ci CIV,FW,Hellas Verona,21-170,2004,1,0,1,0.0,0,0,0,0,0,0,0,0,0.00,0.00,0.00,0.00,0.00"
"575,Honest Ahanor,it ITA,DF,Atalanta,18-035,2008,16,12,""1,015"",11.3,0,0,0,0,0,0,1,1,0.00,0.00,0.00,0.00,0.00"
"576,Michel Aebischer,ch SUI,MF,Pisa,29-083,1997,28,26,""2,292"",25.5,1,1,2,1,0,0,5,0,0.04,0.04,0.08,0.04,0.08"
"577,Vasilije Adži?,me MNE,MF,Juventus,19-322,2006,10,1,171,1.9,1,0,1,1,0,0,0,0,0.53,0.00,0.53,0.53,0.53"
"578,Jayden Addai,nl NED,MF,Como,20-216,2005,12,7,686,7.6,3,0,3,3,0,0,4,0,0.39,0.00,0.39,0.39,0.39"
"579,Che Adams,sct SCO,FW,Torino,29-260,1996,27,16,""1,567"",17.4,4,2,6,4,0,0,0,0,0.23,0.11,0.34,0.23,0.34"
"580,Francesco Acerbi,it ITA,DF,Inter,38-048,1988,14,11,""1,018"",11.3,0,1,1,0,0,0,2,0,0.00,0.09,0.09,0.00,0.09"
"581,Zakaria Aboukhlal,ma MAR,MF,Torino,26-040,2000,15,6,511,5.7,0,0,0,0,0,0,4,0,0.00,0.00,0.00,0.00,0.00"
